condition,ORF,batch,timepoint,zfact,zgrade,file.name
ADE1,YAR015W,1,t48,0.719788373,excellent,042619_n1_lib.a1_HIS2_YEA4_001_t48.xls
ADE2,YOR128C,1,t48,0.750261659,excellent,042619_n1_lib.a1_HIS2_YEA4_001_t48.xls
"ADE5,7",YGL234W,1,t48,0.890360652,excellent,042619_n1_lib.a1_HIS2_YEA4_001_t48.xls
ADE6,YGR061C,1,t48,0.848661064,excellent,042619_n1_lib.a1_HIS2_YEA4_001_t48.xls
ADE8,YDR408C,1,t48,0.467977736,marginal,042619_n1_lib.a1_HIS2_YEA4_001_t48.xls
ADO1,YJR105W,1,t48,0.163051544,marginal,042619_n1_lib.a1_HIS2_YEA4_001_t48.xls
ANP1,YEL036C,1,t48,0.419717427,marginal,042619_n1_lib.a1_HIS2_YEA4_001_t48.xls
ARG1,YOL058W,1,t48,0.886433816,excellent,042619_n1_lib.a1_HIS2_YEA4_001_t48.xls
ARG2,YJL071W,1,t48,0.835664034,excellent,042619_n1_lib.a1_HIS2_YEA4_001_t48.xls
ARG3,YJL088W,1,t48,0.863333886,excellent,042619_n1_lib.a1_HIS2_YEA4_001_t48.xls
ARG4,YHR018C,1,t48,-3.525149941,infeasible,042619_n1_lib.a1_HIS2_YEA4_001_t48.xls
"ARG5,6",YER069W,1,t48,0.382523089,marginal,042619_n1_lib.a1_HIS2_YEA4_001_t48.xls
ARO1,YDR127W,1,t48,0.867367025,excellent,042619_n1_lib.a1_HIS2_YEA4_001_t48.xls
ARO7,YPR060C,1,t48,0.857108403,excellent,042619_n1_lib.a1_HIS2_YEA4_001_t48.xls
BAS1,YKR099W,1,t48,0.437840796,marginal,042619_n1_lib.a1_HIS2_YEA4_001_t48.xls
CCS1,YMR038C,1,t48,0.745079598,excellent,042619_n1_lib.a1_HIS2_YEA4_001_t48.xls
CDC40,YDR364C,1,t48,-0.170577251,infeasible,042619_n1_lib.a1_HIS2_YEA4_001_t48.xls
CHO2,YGR157W,1,t48,-1.062264841,infeasible,042619_n1_lib.a1_HIS2_YEA4_001_t48.xls
CNM67,YNL225C,1,t48,-0.488789677,infeasible,042619_n1_lib.a1_HIS2_YEA4_001_t48.xls
DOC1,YGL240W,1,t48,-0.53432183,infeasible,042619_n1_lib.a1_HIS2_YEA4_001_t48.xls
ECM29,YHL030W,1,t48,0.866350801,excellent,042619_n1_lib.a1_HIS2_YEA4_001_t48.xls
ERG4,YGL012W,1,t48,0.870439689,excellent,042619_n1_lib.a1_HIS2_YEA4_001_t48.xls
FUN12,YAL035W,1,t48,0.10938997,marginal,042619_n1_lib.a1_HIS2_YEA4_001_t48.xls
GGC1,YDL198C,1,t48,-0.346119892,infeasible,042619_n1_lib.a1_HIS2_YEA4_001_t48.xls
HIS1,YER055C,1,t48,0.862752517,excellent,042619_n1_lib.a1_HIS2_YEA4_001_t48.xls
HIS2,ORF-ts1,1,t48,0.218856646,marginal,042619_n1_lib.a1_HIS2_YEA4_001_t48.xls
HIS4,YCL030C,1,t48,0.871382966,excellent,042619_n1_lib.a1_HIS2_YEA4_001_t48.xls
HIS6,YIL020C,1,t48,0.871837576,excellent,042619_n1_lib.a1_HIS2_YEA4_001_t48.xls
HMF1,YER057C,1,t48,0.897986082,excellent,042619_n1_lib.a1_HIS2_YEA4_001_t48.xls
IBA57,YJR122W,1,t48,0.857445646,excellent,042619_n1_lib.a1_HIS2_YEA4_001_t48.xls
ILV1,YER086W,1,t48,0.827327472,excellent,042619_n1_lib.a1_HIS2_YEA4_001_t48.xls
IRC10,YOL015W,1,t48,0.887358336,excellent,042619_n1_lib.a1_HIS2_YEA4_001_t48.xls
ISA1,YLL027W,1,t48,0.887449234,excellent,042619_n1_lib.a1_HIS2_YEA4_001_t48.xls
LAG1,YHL003C,1,t48,0.876285834,excellent,042619_n1_lib.a1_HIS2_YEA4_001_t48.xls
LYS1,YIR034C,1,t48,0.565715073,excellent,042619_n1_lib.a1_HIS2_YEA4_001_t48.xls
LYS12,YIL094C,1,t48,-3.107814809,infeasible,042619_n1_lib.a1_HIS2_YEA4_001_t48.xls
LYS2,YBR115C,1,t48,0.79074722,excellent,042619_n1_lib.a1_HIS2_YEA4_001_t48.xls
LYS4,YDR234W,1,t48,0.859172773,excellent,042619_n1_lib.a1_HIS2_YEA4_001_t48.xls
LYS9,YNR050C,1,t48,0.806857344,excellent,042619_n1_lib.a1_HIS2_YEA4_001_t48.xls
MET1,YKR069W,1,t48,0.880444693,excellent,042619_n1_lib.a1_HIS2_YEA4_001_t48.xls
MET10,YFR030W,1,t48,0.873532882,excellent,042619_n1_lib.a1_HIS2_YEA4_001_t48.xls
MET13,YGL125W,1,t48,0.891739772,excellent,042619_n1_lib.a1_HIS2_YEA4_001_t48.xls
MET14,YKL001C,1,t48,0.875075215,excellent,042619_n1_lib.a1_HIS2_YEA4_001_t48.xls
MET18,YIL128W,1,t48,-1.078377222,infeasible,042619_n1_lib.a1_HIS2_YEA4_001_t48.xls
MET28,YIR017C,1,t48,-19.52587498,infeasible,042619_n1_lib.a1_HIS2_YEA4_001_t48.xls
MET3,YJR010W,1,t48,0.857810124,excellent,042619_n1_lib.a1_HIS2_YEA4_001_t48.xls
MET7,YOR241W,1,t48,0.898008701,excellent,042619_n1_lib.a1_HIS2_YEA4_001_t48.xls
MHF2,YDL160C-A,1,t48,0.841125009,excellent,042619_n1_lib.a1_HIS2_YEA4_001_t48.xls
OPI3,YJR073C,1,t48,-0.399750577,infeasible,042619_n1_lib.a1_HIS2_YEA4_001_t48.xls
"ORF , Uncharacterized (1)",YBR209W,1,t48,0.778090504,excellent,042619_n1_lib.a1_HIS2_YEA4_001_t48.xls
ORT1,YOR130C,1,t48,0.806588021,excellent,042619_n1_lib.a1_HIS2_YEA4_001_t48.xls
PEX35,YGR168C,1,t48,-0.793656231,infeasible,042619_n1_lib.a1_HIS2_YEA4_001_t48.xls
PHA2,YNL316C,1,t48,-0.565667041,infeasible,042619_n1_lib.a1_HIS2_YEA4_001_t48.xls
POS5,YPL188W,1,t48,0.782766169,excellent,042619_n1_lib.a1_HIS2_YEA4_001_t48.xls
RPL27A,YHR010W,1,t48,0.585237083,excellent,042619_n1_lib.a1_HIS2_YEA4_001_t48.xls
RPL31A,YDL075W,1,t48,-10.4373478,infeasible,042619_n1_lib.a1_HIS2_YEA4_001_t48.xls
RPS24B,YIL069C,1,t48,0.635317794,excellent,042619_n1_lib.a1_HIS2_YEA4_001_t48.xls
SSQ1,YLR369W,1,t48,-4.135076625,infeasible,042619_n1_lib.a1_HIS2_YEA4_001_t48.xls
SWI3,YJL176C,1,t48,0.264908093,marginal,042619_n1_lib.a1_HIS2_YEA4_001_t48.xls
TRP2,YER090W,1,t48,0.818750803,excellent,042619_n1_lib.a1_HIS2_YEA4_001_t48.xls
TRP3,YKL211C,1,t48,0.869307139,excellent,042619_n1_lib.a1_HIS2_YEA4_001_t48.xls
TRP5,YGL026C,1,t48,0.854164939,excellent,042619_n1_lib.a1_HIS2_YEA4_001_t48.xls
URA1,YKL216W,1,t48,0.661452009,excellent,042619_n1_lib.a1_HIS2_YEA4_001_t48.xls
VMA1,YDL185W,1,t48,-3.74373134,infeasible,042619_n1_lib.a1_HIS2_YEA4_001_t48.xls
VMA16,YHR026W,1,t48,-0.3519165,infeasible,042619_n1_lib.a1_HIS2_YEA4_001_t48.xls
VMA2,YBR127C,1,t48,0.218676849,marginal,042619_n1_lib.a1_HIS2_YEA4_001_t48.xls
VMA5,YKL080W,1,t48,-0.323708481,infeasible,042619_n1_lib.a1_HIS2_YEA4_001_t48.xls
VMA6,YLR447C,1,t48,-0.142796962,infeasible,042619_n1_lib.a1_HIS2_YEA4_001_t48.xls
VMA7,YGR020C,1,t48,0.214714349,marginal,042619_n1_lib.a1_HIS2_YEA4_001_t48.xls
VMA8,YEL051W,1,t48,-3.149320971,infeasible,042619_n1_lib.a1_HIS2_YEA4_001_t48.xls
VMA9,YCL005W-A,1,t48,-0.164904473,infeasible,042619_n1_lib.a1_HIS2_YEA4_001_t48.xls
VPH2,YKL119C,1,t48,-0.080617936,infeasible,042619_n1_lib.a1_HIS2_YEA4_001_t48.xls
VPS65,YLR322W,1,t48,0.688560094,excellent,042619_n1_lib.a1_HIS2_YEA4_001_t48.xls
YEA4,ORF-ts2,1,t48,0.133121988,marginal,042619_n1_lib.a1_HIS2_YEA4_001_t48.xls
YNG2,YHR090C,1,t48,-0.014032273,infeasible,042619_n1_lib.a1_HIS2_YEA4_001_t48.xls
ZUO1,YGR285C,1,t48,0.124188586,marginal,042619_n1_lib.a1_HIS2_YEA4_001_t48.xls
ZWF1,YNL241C,1,t48,-3.036772485,infeasible,042619_n1_lib.a1_HIS2_YEA4_001_t48.xls
ADE1,YAR015W,2,t48,0.873707369,excellent,050519_n1_lib.a1_IBA57_RPS24B_002_t48.xls
ADE2,YOR128C,2,t48,0.879218164,excellent,050519_n1_lib.a1_IBA57_RPS24B_002_t48.xls
"ADE5,7",YGL234W,2,t48,0.885150601,excellent,050519_n1_lib.a1_IBA57_RPS24B_002_t48.xls
ADE6,YGR061C,2,t48,0.885151866,excellent,050519_n1_lib.a1_IBA57_RPS24B_002_t48.xls
ADE8,YDR408C,2,t48,0.850281522,excellent,050519_n1_lib.a1_IBA57_RPS24B_002_t48.xls
ADO1,YJR105W,2,t48,0.096082181,marginal,050519_n1_lib.a1_IBA57_RPS24B_002_t48.xls
ANP1,YEL036C,2,t48,0.16799607,marginal,050519_n1_lib.a1_IBA57_RPS24B_002_t48.xls
APL2,YKL135C,2,t48,0.844845025,excellent,050519_n1_lib.a1_IBA57_RPS24B_002_t48.xls
APT1,YML022W,2,t48,0.861376931,excellent,050519_n1_lib.a1_IBA57_RPS24B_002_t48.xls
ARG1,YOL058W,2,t48,0.88561931,excellent,050519_n1_lib.a1_IBA57_RPS24B_002_t48.xls
ARG2,YJL071W,2,t48,0.722004991,excellent,050519_n1_lib.a1_IBA57_RPS24B_002_t48.xls
ARG3,YJL088W,2,t48,0.888771854,excellent,050519_n1_lib.a1_IBA57_RPS24B_002_t48.xls
ARG4,YHR018C,2,t48,0.84464674,excellent,050519_n1_lib.a1_IBA57_RPS24B_002_t48.xls
"ARG5,6",YER069W,2,t48,0.868797922,excellent,050519_n1_lib.a1_IBA57_RPS24B_002_t48.xls
ARG8,YOL140W,2,t48,0.771232053,excellent,050519_n1_lib.a1_IBA57_RPS24B_002_t48.xls
ARO1,YDR127W,2,t48,0.879831096,excellent,050519_n1_lib.a1_IBA57_RPS24B_002_t48.xls
ARO2,YGL148W,2,t48,0.859788548,excellent,050519_n1_lib.a1_IBA57_RPS24B_002_t48.xls
ARO7,YPR060C,2,t48,0.835602575,excellent,050519_n1_lib.a1_IBA57_RPS24B_002_t48.xls
BAS1,YKR099W,2,t48,-0.176499395,infeasible,050519_n1_lib.a1_IBA57_RPS24B_002_t48.xls
BUD16,YEL029C,2,t48,0.830619058,excellent,050519_n1_lib.a1_IBA57_RPS24B_002_t48.xls
CDC40,YDR364C,2,t48,-0.55307116,infeasible,050519_n1_lib.a1_IBA57_RPS24B_002_t48.xls
CHO2,YGR157W,2,t48,0.23839607,marginal,050519_n1_lib.a1_IBA57_RPS24B_002_t48.xls
CNM67,YNL225C,2,t48,-0.296511705,infeasible,050519_n1_lib.a1_IBA57_RPS24B_002_t48.xls
DOC1,YGL240W,2,t48,-0.523256541,infeasible,050519_n1_lib.a1_IBA57_RPS24B_002_t48.xls
ECM29,YHL030W,2,t48,0.887496563,excellent,050519_n1_lib.a1_IBA57_RPS24B_002_t48.xls
ERG4,YGL012W,2,t48,0.876965515,excellent,050519_n1_lib.a1_IBA57_RPS24B_002_t48.xls
FCY22,YER060W-A,2,t48,0.858686968,excellent,050519_n1_lib.a1_IBA57_RPS24B_002_t48.xls
FUN12,YAL035W,2,t48,0.561248497,excellent,050519_n1_lib.a1_IBA57_RPS24B_002_t48.xls
GGC1,YDL198C,2,t48,-0.454714283,infeasible,050519_n1_lib.a1_IBA57_RPS24B_002_t48.xls
HIS1,YER055C,2,t48,0.830489088,excellent,050519_n1_lib.a1_IBA57_RPS24B_002_t48.xls
HIS2,YFR025C,2,t48,0.670735398,excellent,050519_n1_lib.a1_IBA57_RPS24B_002_t48.xls
HIS4,YCL030C,2,t48,0.799467503,excellent,050519_n1_lib.a1_IBA57_RPS24B_002_t48.xls
HIS6,YIL020C,2,t48,0.744792211,excellent,050519_n1_lib.a1_IBA57_RPS24B_002_t48.xls
HMF1,YER057C,2,t48,0.897346098,excellent,050519_n1_lib.a1_IBA57_RPS24B_002_t48.xls
IBA57,ORF-ts1,2,t48,0.838183442,excellent,050519_n1_lib.a1_IBA57_RPS24B_002_t48.xls
ILV1,YER086W,2,t48,0.812810828,excellent,050519_n1_lib.a1_IBA57_RPS24B_002_t48.xls
IRC10,YOL015W,2,t48,0.870182086,excellent,050519_n1_lib.a1_IBA57_RPS24B_002_t48.xls
ISA1,YLL027W,2,t48,0.860986217,excellent,050519_n1_lib.a1_IBA57_RPS24B_002_t48.xls
LAG1,YHL003C,2,t48,0.843905299,excellent,050519_n1_lib.a1_IBA57_RPS24B_002_t48.xls
LYS1,YIR034C,2,t48,0.860361921,excellent,050519_n1_lib.a1_IBA57_RPS24B_002_t48.xls
LYS12,YIL094C,2,t48,0.874744505,excellent,050519_n1_lib.a1_IBA57_RPS24B_002_t48.xls
LYS2,YBR115C,2,t48,0.883910015,excellent,050519_n1_lib.a1_IBA57_RPS24B_002_t48.xls
LYS4,YDR234W,2,t48,0.88509415,excellent,050519_n1_lib.a1_IBA57_RPS24B_002_t48.xls
LYS5,YGL154C,2,t48,0.895809955,excellent,050519_n1_lib.a1_IBA57_RPS24B_002_t48.xls
LYS9,YNR050C,2,t48,0.86918945,excellent,050519_n1_lib.a1_IBA57_RPS24B_002_t48.xls
MET1,YKR069W,2,t48,0.884890136,excellent,050519_n1_lib.a1_IBA57_RPS24B_002_t48.xls
MET10,YFR030W,2,t48,0.777147827,excellent,050519_n1_lib.a1_IBA57_RPS24B_002_t48.xls
MET13,YGL125W,2,t48,0.882710098,excellent,050519_n1_lib.a1_IBA57_RPS24B_002_t48.xls
MET14,YKL001C,2,t48,0.852537755,excellent,050519_n1_lib.a1_IBA57_RPS24B_002_t48.xls
MET18,YIL128W,2,t48,-0.921734919,infeasible,050519_n1_lib.a1_IBA57_RPS24B_002_t48.xls
MET28,YIR017C,2,t48,-8.364851899,infeasible,050519_n1_lib.a1_IBA57_RPS24B_002_t48.xls
MET3,YJR010W,2,t48,0.801574301,excellent,050519_n1_lib.a1_IBA57_RPS24B_002_t48.xls
MET5,YJR137C,2,t48,0.665810424,excellent,050519_n1_lib.a1_IBA57_RPS24B_002_t48.xls
MET7,YOR241W,2,t48,0.859700616,excellent,050519_n1_lib.a1_IBA57_RPS24B_002_t48.xls
MHF2,YDL160C-A,2,t48,0.851209068,excellent,050519_n1_lib.a1_IBA57_RPS24B_002_t48.xls
OPI3,YJR073C,2,t48,0.119108752,marginal,050519_n1_lib.a1_IBA57_RPS24B_002_t48.xls
"ORF , Dubious (2)",YDR008C,2,t48,0.809551261,excellent,050519_n1_lib.a1_IBA57_RPS24B_002_t48.xls
"ORF , Uncharacterized (1)",YBR209W,2,t48,0.812454205,excellent,050519_n1_lib.a1_IBA57_RPS24B_002_t48.xls
"ORF , Uncharacterized (2)",YHL005C,2,t48,0.878435309,excellent,050519_n1_lib.a1_IBA57_RPS24B_002_t48.xls
ORT1,YOR130C,2,t48,0.690979456,excellent,050519_n1_lib.a1_IBA57_RPS24B_002_t48.xls
PEX35,YGR168C,2,t48,0.881225522,excellent,050519_n1_lib.a1_IBA57_RPS24B_002_t48.xls
PHA2,YNL316C,2,t48,0.77732276,excellent,050519_n1_lib.a1_IBA57_RPS24B_002_t48.xls
PRO2,YOR323C,2,t48,0.672272339,excellent,050519_n1_lib.a1_IBA57_RPS24B_002_t48.xls
PRP18,YGR006W,2,t48,0.453938163,marginal,050519_n1_lib.a1_IBA57_RPS24B_002_t48.xls
RPL27A,YHR010W,2,t48,0.817265189,excellent,050519_n1_lib.a1_IBA57_RPS24B_002_t48.xls
RPL31A,YDL075W,2,t48,-1.48234751,infeasible,050519_n1_lib.a1_IBA57_RPS24B_002_t48.xls
RPS24B,YIL069C,2,t48,0.814070321,excellent,050519_n1_lib.a1_IBA57_RPS24B_002_t48.xls
RSC2,YLR357W,2,t48,0.847853459,excellent,050519_n1_lib.a1_IBA57_RPS24B_002_t48.xls
SSQ1,YLR369W,2,t48,-0.750811571,infeasible,050519_n1_lib.a1_IBA57_RPS24B_002_t48.xls
SWI3,YJL176C,2,t48,0.366273347,marginal,050519_n1_lib.a1_IBA57_RPS24B_002_t48.xls
TRP2,YER090W,2,t48,0.860697135,excellent,050519_n1_lib.a1_IBA57_RPS24B_002_t48.xls
TRP3,YKL211C,2,t48,0.78017169,excellent,050519_n1_lib.a1_IBA57_RPS24B_002_t48.xls
TRP4,YDR354W,2,t48,0.826032073,excellent,050519_n1_lib.a1_IBA57_RPS24B_002_t48.xls
TRP5,YGL026C,2,t48,0.839631802,excellent,050519_n1_lib.a1_IBA57_RPS24B_002_t48.xls
URA1,YKL216W,2,t48,0.886716331,excellent,050519_n1_lib.a1_IBA57_RPS24B_002_t48.xls
URA4,YLR420W,2,t48,0.838991887,excellent,050519_n1_lib.a1_IBA57_RPS24B_002_t48.xls
VMA1,YDL185W,2,t48,-0.522794678,infeasible,050519_n1_lib.a1_IBA57_RPS24B_002_t48.xls
VMA16,YHR026W,2,t48,-0.265094879,infeasible,050519_n1_lib.a1_IBA57_RPS24B_002_t48.xls
VMA2,YBR127C,2,t48,-0.158242856,infeasible,050519_n1_lib.a1_IBA57_RPS24B_002_t48.xls
VMA5,YKL080W,2,t48,-0.029833548,infeasible,050519_n1_lib.a1_IBA57_RPS24B_002_t48.xls
VMA6,YLR447C,2,t48,-0.130143646,infeasible,050519_n1_lib.a1_IBA57_RPS24B_002_t48.xls
VMA7,YGR020C,2,t48,0.102372832,marginal,050519_n1_lib.a1_IBA57_RPS24B_002_t48.xls
VMA8,YEL051W,2,t48,-0.041342644,infeasible,050519_n1_lib.a1_IBA57_RPS24B_002_t48.xls
VMA9,YCL005W-A,2,t48,-0.040671371,infeasible,050519_n1_lib.a1_IBA57_RPS24B_002_t48.xls
VPH2,YKL119C,2,t48,-0.266184289,infeasible,050519_n1_lib.a1_IBA57_RPS24B_002_t48.xls
VPS65,YLR322W,2,t48,0.395186078,marginal,050519_n1_lib.a1_IBA57_RPS24B_002_t48.xls
YEA4,YEL004W,2,t48,0.883190978,excellent,050519_n1_lib.a1_IBA57_RPS24B_002_t48.xls
YNG2,YHR090C,2,t48,0.191794113,marginal,050519_n1_lib.a1_IBA57_RPS24B_002_t48.xls
ZUO1,YGR285C,2,t48,0.338653014,marginal,050519_n1_lib.a1_IBA57_RPS24B_002_t48.xls
ZWF1,YNL241C,2,t48,-2.811000436,infeasible,050519_n1_lib.a1_IBA57_RPS24B_002_t48.xls
ADE1,ORF-ts2,3,t48,0.764846053,excellent,042719_n1_lib.a1_MET14_ADE1_003_t48.xls
ADE2,YOR128C,3,t48,0.79977141,excellent,042719_n1_lib.a1_MET14_ADE1_003_t48.xls
"ADE5,7",YGL234W,3,t48,0.870986272,excellent,042719_n1_lib.a1_MET14_ADE1_003_t48.xls
ADE6,YGR061C,3,t48,0.868277845,excellent,042719_n1_lib.a1_MET14_ADE1_003_t48.xls
ADO1,YJR105W,3,t48,-0.257994579,infeasible,042719_n1_lib.a1_MET14_ADE1_003_t48.xls
ANP1,YEL036C,3,t48,0.385851147,marginal,042719_n1_lib.a1_MET14_ADE1_003_t48.xls
APL2,YKL135C,3,t48,0.649528417,excellent,042719_n1_lib.a1_MET14_ADE1_003_t48.xls
ARG1,YOL058W,3,t48,0.835386123,excellent,042719_n1_lib.a1_MET14_ADE1_003_t48.xls
ARG2,YJL071W,3,t48,0.724511956,excellent,042719_n1_lib.a1_MET14_ADE1_003_t48.xls
ARG3,YJL088W,3,t48,0.8393955,excellent,042719_n1_lib.a1_MET14_ADE1_003_t48.xls
"ARG5,6",YER069W,3,t48,0.762906001,excellent,042719_n1_lib.a1_MET14_ADE1_003_t48.xls
ARG8,YOL140W,3,t48,0.74171142,excellent,042719_n1_lib.a1_MET14_ADE1_003_t48.xls
ARO1,YDR127W,3,t48,0.832630542,excellent,042719_n1_lib.a1_MET14_ADE1_003_t48.xls
ARO2,YGL148W,3,t48,0.872552775,excellent,042719_n1_lib.a1_MET14_ADE1_003_t48.xls
ARO7,YPR060C,3,t48,0.677965559,excellent,042719_n1_lib.a1_MET14_ADE1_003_t48.xls
BAS1,YKR099W,3,t48,0.482062331,marginal,042719_n1_lib.a1_MET14_ADE1_003_t48.xls
BUD16,YEL029C,3,t48,0.824355525,excellent,042719_n1_lib.a1_MET14_ADE1_003_t48.xls
CCS1,YMR038C,3,t48,-5.636790328,infeasible,042719_n1_lib.a1_MET14_ADE1_003_t48.xls
CDC40,YDR364C,3,t48,-0.606090388,infeasible,042719_n1_lib.a1_MET14_ADE1_003_t48.xls
CHO2,YGR157W,3,t48,-0.874690751,infeasible,042719_n1_lib.a1_MET14_ADE1_003_t48.xls
CNM67,YNL225C,3,t48,-2.146694401,infeasible,042719_n1_lib.a1_MET14_ADE1_003_t48.xls
DOC1,YGL240W,3,t48,-0.37813503,infeasible,042719_n1_lib.a1_MET14_ADE1_003_t48.xls
ECM29,YHL030W,3,t48,0.813424053,excellent,042719_n1_lib.a1_MET14_ADE1_003_t48.xls
ERG4,YGL012W,3,t48,0.840606553,excellent,042719_n1_lib.a1_MET14_ADE1_003_t48.xls
FCY22,YER060W-A,3,t48,0.790610158,excellent,042719_n1_lib.a1_MET14_ADE1_003_t48.xls
FUN12,YAL035W,3,t48,0.379015254,marginal,042719_n1_lib.a1_MET14_ADE1_003_t48.xls
GGC1,YDL198C,3,t48,-0.065698111,infeasible,042719_n1_lib.a1_MET14_ADE1_003_t48.xls
HIS1,YER055C,3,t48,-0.522776502,infeasible,042719_n1_lib.a1_MET14_ADE1_003_t48.xls
HIS2,YFR025C,3,t48,0.702876747,excellent,042719_n1_lib.a1_MET14_ADE1_003_t48.xls
HIS4,YCL030C,3,t48,0.817273537,excellent,042719_n1_lib.a1_MET14_ADE1_003_t48.xls
HIS6,YIL020C,3,t48,-0.163345475,infeasible,042719_n1_lib.a1_MET14_ADE1_003_t48.xls
HMF1,YER057C,3,t48,0.8747033,excellent,042719_n1_lib.a1_MET14_ADE1_003_t48.xls
IBA57,YJR122W,3,t48,-0.547965119,infeasible,042719_n1_lib.a1_MET14_ADE1_003_t48.xls
ILV1,YER086W,3,t48,0.721510873,excellent,042719_n1_lib.a1_MET14_ADE1_003_t48.xls
IRC10,YOL015W,3,t48,0.799335423,excellent,042719_n1_lib.a1_MET14_ADE1_003_t48.xls
ISA1,YLL027W,3,t48,0.854257799,excellent,042719_n1_lib.a1_MET14_ADE1_003_t48.xls
LAG1,YHL003C,3,t48,0.7579602,excellent,042719_n1_lib.a1_MET14_ADE1_003_t48.xls
LYS1,YIR034C,3,t48,0.840975955,excellent,042719_n1_lib.a1_MET14_ADE1_003_t48.xls
LYS12,YIL094C,3,t48,-1.163404711,infeasible,042719_n1_lib.a1_MET14_ADE1_003_t48.xls
LYS2,YBR115C,3,t48,0.645753886,excellent,042719_n1_lib.a1_MET14_ADE1_003_t48.xls
LYS4,YDR234W,3,t48,0.853770408,excellent,042719_n1_lib.a1_MET14_ADE1_003_t48.xls
LYS5,YGL154C,3,t48,0.857576788,excellent,042719_n1_lib.a1_MET14_ADE1_003_t48.xls
LYS9,YNR050C,3,t48,0.773183245,excellent,042719_n1_lib.a1_MET14_ADE1_003_t48.xls
MET1,YKR069W,3,t48,0.224483223,marginal,042719_n1_lib.a1_MET14_ADE1_003_t48.xls
MET10,YFR030W,3,t48,0.475237561,marginal,042719_n1_lib.a1_MET14_ADE1_003_t48.xls
MET13,YGL125W,3,t48,0.856612241,excellent,042719_n1_lib.a1_MET14_ADE1_003_t48.xls
MET14,ORF-ts1,3,t48,0.60982479,excellent,042719_n1_lib.a1_MET14_ADE1_003_t48.xls
MET18,YIL128W,3,t48,-1.444516041,infeasible,042719_n1_lib.a1_MET14_ADE1_003_t48.xls
MET28,YIR017C,3,t48,-3.564307797,infeasible,042719_n1_lib.a1_MET14_ADE1_003_t48.xls
MET3,YJR010W,3,t48,0.800346364,excellent,042719_n1_lib.a1_MET14_ADE1_003_t48.xls
MET5,YJR137C,3,t48,0.694649567,excellent,042719_n1_lib.a1_MET14_ADE1_003_t48.xls
MET7,YOR241W,3,t48,0.870552732,excellent,042719_n1_lib.a1_MET14_ADE1_003_t48.xls
MHF2,YDL160C-A,3,t48,0.787768144,excellent,042719_n1_lib.a1_MET14_ADE1_003_t48.xls
OPI3,YJR073C,3,t48,-0.135477253,infeasible,042719_n1_lib.a1_MET14_ADE1_003_t48.xls
"ORF , Uncharacterized (2)",YHL005C,3,t48,0.738648918,excellent,042719_n1_lib.a1_MET14_ADE1_003_t48.xls
PEX35,YGR168C,3,t48,0.845759294,excellent,042719_n1_lib.a1_MET14_ADE1_003_t48.xls
PHA2,YNL316C,3,t48,-8.832807188,infeasible,042719_n1_lib.a1_MET14_ADE1_003_t48.xls
POS5,YPL188W,3,t48,0.206803204,marginal,042719_n1_lib.a1_MET14_ADE1_003_t48.xls
PRP18,YGR006W,3,t48,-1.302442895,infeasible,042719_n1_lib.a1_MET14_ADE1_003_t48.xls
RPL31A,YDL075W,3,t48,-9.860258885,infeasible,042719_n1_lib.a1_MET14_ADE1_003_t48.xls
RPS24B,YIL069C,3,t48,0.800697172,excellent,042719_n1_lib.a1_MET14_ADE1_003_t48.xls
SSQ1,YLR369W,3,t48,-0.484471593,infeasible,042719_n1_lib.a1_MET14_ADE1_003_t48.xls
SWI3,YJL176C,3,t48,-0.198012247,infeasible,042719_n1_lib.a1_MET14_ADE1_003_t48.xls
TRP3,YKL211C,3,t48,0.795479179,excellent,042719_n1_lib.a1_MET14_ADE1_003_t48.xls
URA1,YKL216W,3,t48,0.087426551,marginal,042719_n1_lib.a1_MET14_ADE1_003_t48.xls
URA4,YLR420W,3,t48,0.818353989,excellent,042719_n1_lib.a1_MET14_ADE1_003_t48.xls
VMA1,YDL185W,3,t48,-0.547578454,infeasible,042719_n1_lib.a1_MET14_ADE1_003_t48.xls
VMA16,YHR026W,3,t48,0.120547098,marginal,042719_n1_lib.a1_MET14_ADE1_003_t48.xls
VMA2,YBR127C,3,t48,0.016416943,marginal,042719_n1_lib.a1_MET14_ADE1_003_t48.xls
VMA5,YKL080W,3,t48,-0.410506458,infeasible,042719_n1_lib.a1_MET14_ADE1_003_t48.xls
VMA6,YLR447C,3,t48,-0.745609531,infeasible,042719_n1_lib.a1_MET14_ADE1_003_t48.xls
VMA7,YGR020C,3,t48,-0.239326834,infeasible,042719_n1_lib.a1_MET14_ADE1_003_t48.xls
VMA8,YEL051W,3,t48,-0.16564576,infeasible,042719_n1_lib.a1_MET14_ADE1_003_t48.xls
VMA9,YCL005W-A,3,t48,-0.023734166,infeasible,042719_n1_lib.a1_MET14_ADE1_003_t48.xls
VPH2,YKL119C,3,t48,-1.388353188,infeasible,042719_n1_lib.a1_MET14_ADE1_003_t48.xls
YNG2,YHR090C,3,t48,0.29388775,marginal,042719_n1_lib.a1_MET14_ADE1_003_t48.xls
ZUO1,YGR285C,3,t48,-1.101321511,infeasible,042719_n1_lib.a1_MET14_ADE1_003_t48.xls
ZWF1,YNL241C,3,t48,-2.205289588,infeasible,042719_n1_lib.a1_MET14_ADE1_003_t48.xls
ADE1,YAR015W,4,t48,0.894309408,excellent,042719_n1_lib.a1_VPH2_MET7_004_t48.xls
ADE2,YOR128C,4,t48,0.851308349,excellent,042719_n1_lib.a1_VPH2_MET7_004_t48.xls
"ADE5,7",YGL234W,4,t48,0.906769827,excellent,042719_n1_lib.a1_VPH2_MET7_004_t48.xls
ADE6,YGR061C,4,t48,0.715751961,excellent,042719_n1_lib.a1_VPH2_MET7_004_t48.xls
ADE8,YDR408C,4,t48,0.86995702,excellent,042719_n1_lib.a1_VPH2_MET7_004_t48.xls
ADO1,YJR105W,4,t48,0.149519795,marginal,042719_n1_lib.a1_VPH2_MET7_004_t48.xls
ANP1,YEL036C,4,t48,0.019216525,marginal,042719_n1_lib.a1_VPH2_MET7_004_t48.xls
ARG1,YOL058W,4,t48,0.84212531,excellent,042719_n1_lib.a1_VPH2_MET7_004_t48.xls
ARG4,YHR018C,4,t48,0.782914859,excellent,042719_n1_lib.a1_VPH2_MET7_004_t48.xls
"ARG5,6",YER069W,4,t48,0.837555214,excellent,042719_n1_lib.a1_VPH2_MET7_004_t48.xls
ARG8,YOL140W,4,t48,-0.896717258,infeasible,042719_n1_lib.a1_VPH2_MET7_004_t48.xls
ARO1,YDR127W,4,t48,0.899656314,excellent,042719_n1_lib.a1_VPH2_MET7_004_t48.xls
ARO2,YGL148W,4,t48,0.905580191,excellent,042719_n1_lib.a1_VPH2_MET7_004_t48.xls
ARO7,YPR060C,4,t48,0.820685777,excellent,042719_n1_lib.a1_VPH2_MET7_004_t48.xls
BAS1,YKR099W,4,t48,0.458944386,marginal,042719_n1_lib.a1_VPH2_MET7_004_t48.xls
BUD16,YEL029C,4,t48,-0.012686096,infeasible,042719_n1_lib.a1_VPH2_MET7_004_t48.xls
CCS1,YMR038C,4,t48,-0.651146346,infeasible,042719_n1_lib.a1_VPH2_MET7_004_t48.xls
CDC40,YDR364C,4,t48,-4.425827415,infeasible,042719_n1_lib.a1_VPH2_MET7_004_t48.xls
CHO2,YGR157W,4,t48,-0.514024282,infeasible,042719_n1_lib.a1_VPH2_MET7_004_t48.xls
CNM67,YNL225C,4,t48,-0.313991479,infeasible,042719_n1_lib.a1_VPH2_MET7_004_t48.xls
DOC1,YGL240W,4,t48,-0.578789218,infeasible,042719_n1_lib.a1_VPH2_MET7_004_t48.xls
ECM29,YHL030W,4,t48,0.455822963,marginal,042719_n1_lib.a1_VPH2_MET7_004_t48.xls
ERG4,YGL012W,4,t48,0.902718862,excellent,042719_n1_lib.a1_VPH2_MET7_004_t48.xls
FCY22,YER060W-A,4,t48,0.113012985,marginal,042719_n1_lib.a1_VPH2_MET7_004_t48.xls
FUN12,YAL035W,4,t48,0.171104067,marginal,042719_n1_lib.a1_VPH2_MET7_004_t48.xls
GGC1,YDL198C,4,t48,-0.152792381,infeasible,042719_n1_lib.a1_VPH2_MET7_004_t48.xls
HIS4,YCL030C,4,t48,0.741424734,excellent,042719_n1_lib.a1_VPH2_MET7_004_t48.xls
HIS6,YIL020C,4,t48,0.852949487,excellent,042719_n1_lib.a1_VPH2_MET7_004_t48.xls
HMF1,YER057C,4,t48,0.919451227,excellent,042719_n1_lib.a1_VPH2_MET7_004_t48.xls
IBA57,YJR122W,4,t48,0.835163394,excellent,042719_n1_lib.a1_VPH2_MET7_004_t48.xls
ILV1,YER086W,4,t48,0.826023916,excellent,042719_n1_lib.a1_VPH2_MET7_004_t48.xls
IRC10,YOL015W,4,t48,0.426864914,marginal,042719_n1_lib.a1_VPH2_MET7_004_t48.xls
ISA1,YLL027W,4,t48,0.843195398,excellent,042719_n1_lib.a1_VPH2_MET7_004_t48.xls
LAG1,YHL003C,4,t48,0.854207719,excellent,042719_n1_lib.a1_VPH2_MET7_004_t48.xls
LYS1,YIR034C,4,t48,0.670771768,excellent,042719_n1_lib.a1_VPH2_MET7_004_t48.xls
LYS2,YBR115C,4,t48,0.797121804,excellent,042719_n1_lib.a1_VPH2_MET7_004_t48.xls
LYS4,YDR234W,4,t48,0.869270837,excellent,042719_n1_lib.a1_VPH2_MET7_004_t48.xls
LYS9,YNR050C,4,t48,0.803324883,excellent,042719_n1_lib.a1_VPH2_MET7_004_t48.xls
MET10,YFR030W,4,t48,-3.862234538,infeasible,042719_n1_lib.a1_VPH2_MET7_004_t48.xls
MET14,YKL001C,4,t48,0.194571676,marginal,042719_n1_lib.a1_VPH2_MET7_004_t48.xls
MET18,YIL128W,4,t48,-1.413193568,infeasible,042719_n1_lib.a1_VPH2_MET7_004_t48.xls
MET28,YIR017C,4,t48,-7.69611878,infeasible,042719_n1_lib.a1_VPH2_MET7_004_t48.xls
MET3,YJR010W,4,t48,0.871695458,excellent,042719_n1_lib.a1_VPH2_MET7_004_t48.xls
MET7,ORF-ts2,4,t48,0.495099399,marginal,042719_n1_lib.a1_VPH2_MET7_004_t48.xls
MHF2,YDL160C-A,4,t48,0.88699495,excellent,042719_n1_lib.a1_VPH2_MET7_004_t48.xls
OPI3,YJR073C,4,t48,-0.538030788,infeasible,042719_n1_lib.a1_VPH2_MET7_004_t48.xls
"ORF , Uncharacterized (1)",YBR209W,4,t48,0.845381448,excellent,042719_n1_lib.a1_VPH2_MET7_004_t48.xls
"ORF , Uncharacterized (2)",YHL005C,4,t48,0.880965171,excellent,042719_n1_lib.a1_VPH2_MET7_004_t48.xls
ORT1,YOR130C,4,t48,-0.220118453,infeasible,042719_n1_lib.a1_VPH2_MET7_004_t48.xls
PEX35,YGR168C,4,t48,0.861750318,excellent,042719_n1_lib.a1_VPH2_MET7_004_t48.xls
POS5,YPL188W,4,t48,-0.10252512,infeasible,042719_n1_lib.a1_VPH2_MET7_004_t48.xls
PRP18,YGR006W,4,t48,-0.67229451,infeasible,042719_n1_lib.a1_VPH2_MET7_004_t48.xls
RPL27A,YHR010W,4,t48,0.874352035,excellent,042719_n1_lib.a1_VPH2_MET7_004_t48.xls
RPL31A,YDL075W,4,t48,-2.610469465,infeasible,042719_n1_lib.a1_VPH2_MET7_004_t48.xls
RPS24B,YIL069C,4,t48,0.889637689,excellent,042719_n1_lib.a1_VPH2_MET7_004_t48.xls
SSQ1,YLR369W,4,t48,-0.284782746,infeasible,042719_n1_lib.a1_VPH2_MET7_004_t48.xls
SWI3,YJL176C,4,t48,-0.007084873,infeasible,042719_n1_lib.a1_VPH2_MET7_004_t48.xls
TRP2,YER090W,4,t48,0.894634205,excellent,042719_n1_lib.a1_VPH2_MET7_004_t48.xls
TRP4,YDR354W,4,t48,0.814649648,excellent,042719_n1_lib.a1_VPH2_MET7_004_t48.xls
TRP5,YGL026C,4,t48,0.78211129,excellent,042719_n1_lib.a1_VPH2_MET7_004_t48.xls
URA1,YKL216W,4,t48,0.855856109,excellent,042719_n1_lib.a1_VPH2_MET7_004_t48.xls
URA4,YLR420W,4,t48,0.889969237,excellent,042719_n1_lib.a1_VPH2_MET7_004_t48.xls
VMA1,YDL185W,4,t48,0.068992599,marginal,042719_n1_lib.a1_VPH2_MET7_004_t48.xls
VMA16,YHR026W,4,t48,-0.537215607,infeasible,042719_n1_lib.a1_VPH2_MET7_004_t48.xls
VMA2,YBR127C,4,t48,0.342937233,marginal,042719_n1_lib.a1_VPH2_MET7_004_t48.xls
VMA5,YKL080W,4,t48,-1.027690733,infeasible,042719_n1_lib.a1_VPH2_MET7_004_t48.xls
VMA6,YLR447C,4,t48,-1.047383875,infeasible,042719_n1_lib.a1_VPH2_MET7_004_t48.xls
VMA7,YGR020C,4,t48,-0.173015949,infeasible,042719_n1_lib.a1_VPH2_MET7_004_t48.xls
VMA8,YEL051W,4,t48,-0.506779943,infeasible,042719_n1_lib.a1_VPH2_MET7_004_t48.xls
VMA9,YCL005W-A,4,t48,0.10129657,marginal,042719_n1_lib.a1_VPH2_MET7_004_t48.xls
VPH2,ORF-ts1,4,t48,0.348854305,marginal,042719_n1_lib.a1_VPH2_MET7_004_t48.xls
YNG2,YHR090C,4,t48,0.223325801,marginal,042719_n1_lib.a1_VPH2_MET7_004_t48.xls
ZUO1,YGR285C,4,t48,-0.084717303,infeasible,042719_n1_lib.a1_VPH2_MET7_004_t48.xls
ZWF1,YNL241C,4,t48,-2.916183478,infeasible,042719_n1_lib.a1_VPH2_MET7_004_t48.xls
ADE2,YOR128C,5,t48,0.859676278,excellent,070519_n1_lib.a1_LYS4_ARG1_005_t48.xls
"ADE5,7",YGL234W,5,t48,0.861955444,excellent,070519_n1_lib.a1_LYS4_ARG1_005_t48.xls
ADE6,YGR061C,5,t48,0.843448794,excellent,070519_n1_lib.a1_LYS4_ARG1_005_t48.xls
ADE8,YDR408C,5,t48,0.79951865,excellent,070519_n1_lib.a1_LYS4_ARG1_005_t48.xls
ADO1,YJR105W,5,t48,0.290101716,marginal,070519_n1_lib.a1_LYS4_ARG1_005_t48.xls
ANP1,YEL036C,5,t48,-0.229876193,infeasible,070519_n1_lib.a1_LYS4_ARG1_005_t48.xls
APL2,YKL135C,5,t48,0.823285663,excellent,070519_n1_lib.a1_LYS4_ARG1_005_t48.xls
APT1,YML022W,5,t48,0.021949291,marginal,070519_n1_lib.a1_LYS4_ARG1_005_t48.xls
ARG1,ORF-ts2,5,t48,0.239509121,marginal,070519_n1_lib.a1_LYS4_ARG1_005_t48.xls
ARG2,YJL071W,5,t48,0.850213593,excellent,070519_n1_lib.a1_LYS4_ARG1_005_t48.xls
ARG3,YJL088W,5,t48,0.864661272,excellent,070519_n1_lib.a1_LYS4_ARG1_005_t48.xls
ARG4,YHR018C,5,t48,0.865494455,excellent,070519_n1_lib.a1_LYS4_ARG1_005_t48.xls
"ARG5,6",YER069W,5,t48,0.816795439,excellent,070519_n1_lib.a1_LYS4_ARG1_005_t48.xls
ARG8,YOL140W,5,t48,0.800490276,excellent,070519_n1_lib.a1_LYS4_ARG1_005_t48.xls
ARO1,YDR127W,5,t48,0.608639024,excellent,070519_n1_lib.a1_LYS4_ARG1_005_t48.xls
ARO2,YGL148W,5,t48,0.856173641,excellent,070519_n1_lib.a1_LYS4_ARG1_005_t48.xls
BAS1,YKR099W,5,t48,0.524014502,excellent,070519_n1_lib.a1_LYS4_ARG1_005_t48.xls
BUD16,YEL029C,5,t48,0.873800135,excellent,070519_n1_lib.a1_LYS4_ARG1_005_t48.xls
CCS1,YMR038C,5,t48,-1.725989232,infeasible,070519_n1_lib.a1_LYS4_ARG1_005_t48.xls
CDC40,YDR364C,5,t48,-0.425954428,infeasible,070519_n1_lib.a1_LYS4_ARG1_005_t48.xls
CHO2,YGR157W,5,t48,0.215193245,marginal,070519_n1_lib.a1_LYS4_ARG1_005_t48.xls
CNM67,YNL225C,5,t48,-0.735844673,infeasible,070519_n1_lib.a1_LYS4_ARG1_005_t48.xls
DOC1,YGL240W,5,t48,-0.245680343,infeasible,070519_n1_lib.a1_LYS4_ARG1_005_t48.xls
ECM29,YHL030W,5,t48,0.647060365,excellent,070519_n1_lib.a1_LYS4_ARG1_005_t48.xls
ERG4,YGL012W,5,t48,0.884756314,excellent,070519_n1_lib.a1_LYS4_ARG1_005_t48.xls
FCY22,YER060W-A,5,t48,0.814342299,excellent,070519_n1_lib.a1_LYS4_ARG1_005_t48.xls
GGC1,YDL198C,5,t48,0.386474326,marginal,070519_n1_lib.a1_LYS4_ARG1_005_t48.xls
HIS1,YER055C,5,t48,0.897527562,excellent,070519_n1_lib.a1_LYS4_ARG1_005_t48.xls
HIS2,YFR025C,5,t48,0.90084624,excellent,070519_n1_lib.a1_LYS4_ARG1_005_t48.xls
HIS4,YCL030C,5,t48,0.890775973,excellent,070519_n1_lib.a1_LYS4_ARG1_005_t48.xls
HIS6,YIL020C,5,t48,0.864438843,excellent,070519_n1_lib.a1_LYS4_ARG1_005_t48.xls
HMF1,YER057C,5,t48,0.900642599,excellent,070519_n1_lib.a1_LYS4_ARG1_005_t48.xls
IBA57,YJR122W,5,t48,-0.522007032,infeasible,070519_n1_lib.a1_LYS4_ARG1_005_t48.xls
ILV1,YER086W,5,t48,0.801116258,excellent,070519_n1_lib.a1_LYS4_ARG1_005_t48.xls
IRC10,YOL015W,5,t48,0.499769974,marginal,070519_n1_lib.a1_LYS4_ARG1_005_t48.xls
ISA1,YLL027W,5,t48,0.877006645,excellent,070519_n1_lib.a1_LYS4_ARG1_005_t48.xls
LAG1,YHL003C,5,t48,0.730003185,excellent,070519_n1_lib.a1_LYS4_ARG1_005_t48.xls
LYS1,YIR034C,5,t48,0.828799995,excellent,070519_n1_lib.a1_LYS4_ARG1_005_t48.xls
LYS12,YIL094C,5,t48,0.878912811,excellent,070519_n1_lib.a1_LYS4_ARG1_005_t48.xls
LYS2,YBR115C,5,t48,0.842543961,excellent,070519_n1_lib.a1_LYS4_ARG1_005_t48.xls
LYS4,ORF-ts1,5,t48,0.129111367,marginal,070519_n1_lib.a1_LYS4_ARG1_005_t48.xls
LYS5,YGL154C,5,t48,0.887441123,excellent,070519_n1_lib.a1_LYS4_ARG1_005_t48.xls
LYS9,YNR050C,5,t48,0.856369955,excellent,070519_n1_lib.a1_LYS4_ARG1_005_t48.xls
MET1,YKR069W,5,t48,0.865936823,excellent,070519_n1_lib.a1_LYS4_ARG1_005_t48.xls
MET10,YFR030W,5,t48,0.817207023,excellent,070519_n1_lib.a1_LYS4_ARG1_005_t48.xls
MET13,YGL125W,5,t48,0.877066091,excellent,070519_n1_lib.a1_LYS4_ARG1_005_t48.xls
MET14,YKL001C,5,t48,0.854253233,excellent,070519_n1_lib.a1_LYS4_ARG1_005_t48.xls
MET18,YIL128W,5,t48,-1.378489089,infeasible,070519_n1_lib.a1_LYS4_ARG1_005_t48.xls
MET28,YIR017C,5,t48,-16.78943172,infeasible,070519_n1_lib.a1_LYS4_ARG1_005_t48.xls
MET3,YJR010W,5,t48,0.787853226,excellent,070519_n1_lib.a1_LYS4_ARG1_005_t48.xls
MET5,YJR137C,5,t48,0.772562668,excellent,070519_n1_lib.a1_LYS4_ARG1_005_t48.xls
MET7,YOR241W,5,t48,0.878244697,excellent,070519_n1_lib.a1_LYS4_ARG1_005_t48.xls
MHF2,YDL160C-A,5,t48,0.862879333,excellent,070519_n1_lib.a1_LYS4_ARG1_005_t48.xls
OPI3,YJR073C,5,t48,0.04229558,marginal,070519_n1_lib.a1_LYS4_ARG1_005_t48.xls
"ORF , Dubious (2)",YDR008C,5,t48,0.843547758,excellent,070519_n1_lib.a1_LYS4_ARG1_005_t48.xls
"ORF , Uncharacterized (1)",YBR209W,5,t48,0.817187967,excellent,070519_n1_lib.a1_LYS4_ARG1_005_t48.xls
"ORF , Uncharacterized (2)",YHL005C,5,t48,0.867007784,excellent,070519_n1_lib.a1_LYS4_ARG1_005_t48.xls
ORT1,YOR130C,5,t48,0.804752664,excellent,070519_n1_lib.a1_LYS4_ARG1_005_t48.xls
PEX35,YGR168C,5,t48,0.836345834,excellent,070519_n1_lib.a1_LYS4_ARG1_005_t48.xls
PHA2,YNL316C,5,t48,0.857047888,excellent,070519_n1_lib.a1_LYS4_ARG1_005_t48.xls
POS5,YPL188W,5,t48,0.410499441,marginal,070519_n1_lib.a1_LYS4_ARG1_005_t48.xls
PRO2,YOR323C,5,t48,-0.423570769,infeasible,070519_n1_lib.a1_LYS4_ARG1_005_t48.xls
RPL27A,YHR010W,5,t48,0.815257099,excellent,070519_n1_lib.a1_LYS4_ARG1_005_t48.xls
RPS24B,YIL069C,5,t48,0.483783046,marginal,070519_n1_lib.a1_LYS4_ARG1_005_t48.xls
RSC2,YLR357W,5,t48,0.877400777,excellent,070519_n1_lib.a1_LYS4_ARG1_005_t48.xls
SSQ1,YLR369W,5,t48,-0.289000193,infeasible,070519_n1_lib.a1_LYS4_ARG1_005_t48.xls
SWI3,YJL176C,5,t48,0.04003976,marginal,070519_n1_lib.a1_LYS4_ARG1_005_t48.xls
TRP2,YER090W,5,t48,0.694249037,excellent,070519_n1_lib.a1_LYS4_ARG1_005_t48.xls
TRP3,YKL211C,5,t48,0.834133913,excellent,070519_n1_lib.a1_LYS4_ARG1_005_t48.xls
TRP4,YDR354W,5,t48,0.864006282,excellent,070519_n1_lib.a1_LYS4_ARG1_005_t48.xls
TRP5,YGL026C,5,t48,0.860469694,excellent,070519_n1_lib.a1_LYS4_ARG1_005_t48.xls
URA1,YKL216W,5,t48,0.836294418,excellent,070519_n1_lib.a1_LYS4_ARG1_005_t48.xls
URA4,YLR420W,5,t48,0.038917958,marginal,070519_n1_lib.a1_LYS4_ARG1_005_t48.xls
VMA1,YDL185W,5,t48,-0.050548852,infeasible,070519_n1_lib.a1_LYS4_ARG1_005_t48.xls
VMA16,YHR026W,5,t48,-0.077842767,infeasible,070519_n1_lib.a1_LYS4_ARG1_005_t48.xls
VMA2,YBR127C,5,t48,-0.153196782,infeasible,070519_n1_lib.a1_LYS4_ARG1_005_t48.xls
VMA5,YKL080W,5,t48,0.071590265,marginal,070519_n1_lib.a1_LYS4_ARG1_005_t48.xls
VMA6,YLR447C,5,t48,-0.000706039,infeasible,070519_n1_lib.a1_LYS4_ARG1_005_t48.xls
VMA7,YGR020C,5,t48,-0.121451372,infeasible,070519_n1_lib.a1_LYS4_ARG1_005_t48.xls
VMA8,YEL051W,5,t48,0.155093899,marginal,070519_n1_lib.a1_LYS4_ARG1_005_t48.xls
VMA9,YCL005W-A,5,t48,-0.274553373,infeasible,070519_n1_lib.a1_LYS4_ARG1_005_t48.xls
VPH2,YKL119C,5,t48,-0.557982311,infeasible,070519_n1_lib.a1_LYS4_ARG1_005_t48.xls
VPS65,YLR322W,5,t48,0.790244202,excellent,070519_n1_lib.a1_LYS4_ARG1_005_t48.xls
YEA4,YEL004W,5,t48,0.86835261,excellent,070519_n1_lib.a1_LYS4_ARG1_005_t48.xls
YNG2,YHR090C,5,t48,0.17810479,marginal,070519_n1_lib.a1_LYS4_ARG1_005_t48.xls
ZUO1,YGR285C,5,t48,0.102812494,marginal,070519_n1_lib.a1_LYS4_ARG1_005_t48.xls
ZWF1,YNL241C,5,t48,-0.702115432,infeasible,070519_n1_lib.a1_LYS4_ARG1_005_t48.xls
ADE1,YAR015W,6,t48,0.423753135,marginal,150519_n1_lib.a1_ARG3_ORT1_006_t48.xls
ADE2,YOR128C,6,t48,0.820747041,excellent,150519_n1_lib.a1_ARG3_ORT1_006_t48.xls
"ADE5,7",YGL234W,6,t48,0.879232877,excellent,150519_n1_lib.a1_ARG3_ORT1_006_t48.xls
ADE6,YGR061C,6,t48,0.819235491,excellent,150519_n1_lib.a1_ARG3_ORT1_006_t48.xls
ADE8,YDR408C,6,t48,0.342640403,marginal,150519_n1_lib.a1_ARG3_ORT1_006_t48.xls
ADO1,YJR105W,6,t48,-0.953918994,infeasible,150519_n1_lib.a1_ARG3_ORT1_006_t48.xls
ANP1,YEL036C,6,t48,-0.945536652,infeasible,150519_n1_lib.a1_ARG3_ORT1_006_t48.xls
APL2,YKL135C,6,t48,-0.105879775,infeasible,150519_n1_lib.a1_ARG3_ORT1_006_t48.xls
APT1,YML022W,6,t48,-0.600803198,infeasible,150519_n1_lib.a1_ARG3_ORT1_006_t48.xls
ARG1,YOL058W,6,t48,0.797448924,excellent,150519_n1_lib.a1_ARG3_ORT1_006_t48.xls
ARG3,ORF-ts1,6,t48,-0.074400731,infeasible,150519_n1_lib.a1_ARG3_ORT1_006_t48.xls
ARG4,YHR018C,6,t48,0.872741946,excellent,150519_n1_lib.a1_ARG3_ORT1_006_t48.xls
"ARG5,6",YER069W,6,t48,0.837743057,excellent,150519_n1_lib.a1_ARG3_ORT1_006_t48.xls
ARG8,YOL140W,6,t48,0.773641643,excellent,150519_n1_lib.a1_ARG3_ORT1_006_t48.xls
ARO1,YDR127W,6,t48,0.879880795,excellent,150519_n1_lib.a1_ARG3_ORT1_006_t48.xls
ARO2,YGL148W,6,t48,0.319609442,marginal,150519_n1_lib.a1_ARG3_ORT1_006_t48.xls
ARO7,YPR060C,6,t48,0.875687308,excellent,150519_n1_lib.a1_ARG3_ORT1_006_t48.xls
BAS1,YKR099W,6,t48,0.485084909,marginal,150519_n1_lib.a1_ARG3_ORT1_006_t48.xls
BUD16,YEL029C,6,t48,0.698652874,excellent,150519_n1_lib.a1_ARG3_ORT1_006_t48.xls
CCS1,YMR038C,6,t48,-0.171328435,infeasible,150519_n1_lib.a1_ARG3_ORT1_006_t48.xls
CDC40,YDR364C,6,t48,-0.89305276,infeasible,150519_n1_lib.a1_ARG3_ORT1_006_t48.xls
CHO2,YGR157W,6,t48,0.036086663,marginal,150519_n1_lib.a1_ARG3_ORT1_006_t48.xls
CNM67,YNL225C,6,t48,0.148707917,marginal,150519_n1_lib.a1_ARG3_ORT1_006_t48.xls
DOC1,YGL240W,6,t48,-0.874281268,infeasible,150519_n1_lib.a1_ARG3_ORT1_006_t48.xls
ECM29,YHL030W,6,t48,0.831434579,excellent,150519_n1_lib.a1_ARG3_ORT1_006_t48.xls
ERG4,YGL012W,6,t48,0.871625889,excellent,150519_n1_lib.a1_ARG3_ORT1_006_t48.xls
FCY22,YER060W-A,6,t48,0.758722593,excellent,150519_n1_lib.a1_ARG3_ORT1_006_t48.xls
FUN12,YAL035W,6,t48,0.448237234,marginal,150519_n1_lib.a1_ARG3_ORT1_006_t48.xls
GGC1,YDL198C,6,t48,0.160688639,marginal,150519_n1_lib.a1_ARG3_ORT1_006_t48.xls
HIS1,YER055C,6,t48,0.879883101,excellent,150519_n1_lib.a1_ARG3_ORT1_006_t48.xls
HIS2,YFR025C,6,t48,0.819510489,excellent,150519_n1_lib.a1_ARG3_ORT1_006_t48.xls
HIS4,YCL030C,6,t48,0.839686411,excellent,150519_n1_lib.a1_ARG3_ORT1_006_t48.xls
HIS6,YIL020C,6,t48,0.858715608,excellent,150519_n1_lib.a1_ARG3_ORT1_006_t48.xls
HMF1,YER057C,6,t48,0.846036604,excellent,150519_n1_lib.a1_ARG3_ORT1_006_t48.xls
IBA57,YJR122W,6,t48,-0.656662013,infeasible,150519_n1_lib.a1_ARG3_ORT1_006_t48.xls
ILV1,YER086W,6,t48,0.694922908,excellent,150519_n1_lib.a1_ARG3_ORT1_006_t48.xls
IRC10,YOL015W,6,t48,0.811933798,excellent,150519_n1_lib.a1_ARG3_ORT1_006_t48.xls
ISA1,YLL027W,6,t48,0.874181465,excellent,150519_n1_lib.a1_ARG3_ORT1_006_t48.xls
LAG1,YHL003C,6,t48,0.802637547,excellent,150519_n1_lib.a1_ARG3_ORT1_006_t48.xls
LYS1,YIR034C,6,t48,0.667808863,excellent,150519_n1_lib.a1_ARG3_ORT1_006_t48.xls
LYS12,YIL094C,6,t48,0.863524411,excellent,150519_n1_lib.a1_ARG3_ORT1_006_t48.xls
LYS2,YBR115C,6,t48,0.805885672,excellent,150519_n1_lib.a1_ARG3_ORT1_006_t48.xls
LYS5,YGL154C,6,t48,-0.516330651,infeasible,150519_n1_lib.a1_ARG3_ORT1_006_t48.xls
LYS9,YNR050C,6,t48,0.668806384,excellent,150519_n1_lib.a1_ARG3_ORT1_006_t48.xls
MET1,YKR069W,6,t48,0.83235773,excellent,150519_n1_lib.a1_ARG3_ORT1_006_t48.xls
MET10,YFR030W,6,t48,-0.461985468,infeasible,150519_n1_lib.a1_ARG3_ORT1_006_t48.xls
MET13,YGL125W,6,t48,0.835200112,excellent,150519_n1_lib.a1_ARG3_ORT1_006_t48.xls
MET14,YKL001C,6,t48,0.804487824,excellent,150519_n1_lib.a1_ARG3_ORT1_006_t48.xls
MET18,YIL128W,6,t48,-2.107030813,infeasible,150519_n1_lib.a1_ARG3_ORT1_006_t48.xls
MET28,YIR017C,6,t48,-5.982226768,infeasible,150519_n1_lib.a1_ARG3_ORT1_006_t48.xls
MET3,YJR010W,6,t48,0.526777283,excellent,150519_n1_lib.a1_ARG3_ORT1_006_t48.xls
MET7,YOR241W,6,t48,0.883785804,excellent,150519_n1_lib.a1_ARG3_ORT1_006_t48.xls
MHF2,YDL160C-A,6,t48,0.859076073,excellent,150519_n1_lib.a1_ARG3_ORT1_006_t48.xls
OPI3,YJR073C,6,t48,-0.265362039,infeasible,150519_n1_lib.a1_ARG3_ORT1_006_t48.xls
"ORF , Dubious (2)",YDR008C,6,t48,0.831475051,excellent,150519_n1_lib.a1_ARG3_ORT1_006_t48.xls
"ORF , Uncharacterized (1)",YBR209W,6,t48,0.645253796,excellent,150519_n1_lib.a1_ARG3_ORT1_006_t48.xls
"ORF , Uncharacterized (2)",YHL005C,6,t48,0.881927185,excellent,150519_n1_lib.a1_ARG3_ORT1_006_t48.xls
ORT1,ORF-ts2,6,t48,-0.247033586,infeasible,150519_n1_lib.a1_ARG3_ORT1_006_t48.xls
PEX35,YGR168C,6,t48,0.852832906,excellent,150519_n1_lib.a1_ARG3_ORT1_006_t48.xls
POS5,YPL188W,6,t48,0.622513383,excellent,150519_n1_lib.a1_ARG3_ORT1_006_t48.xls
PRO2,YOR323C,6,t48,-0.261942709,infeasible,150519_n1_lib.a1_ARG3_ORT1_006_t48.xls
PRP18,YGR006W,6,t48,-0.189601114,infeasible,150519_n1_lib.a1_ARG3_ORT1_006_t48.xls
RPL31A,YDL075W,6,t48,-3.130173022,infeasible,150519_n1_lib.a1_ARG3_ORT1_006_t48.xls
RPS24B,YIL069C,6,t48,0.802462822,excellent,150519_n1_lib.a1_ARG3_ORT1_006_t48.xls
RSC2,YLR357W,6,t48,0.754754458,excellent,150519_n1_lib.a1_ARG3_ORT1_006_t48.xls
SWI3,YJL176C,6,t48,-0.039028715,infeasible,150519_n1_lib.a1_ARG3_ORT1_006_t48.xls
TRP2,YER090W,6,t48,0.687482179,excellent,150519_n1_lib.a1_ARG3_ORT1_006_t48.xls
TRP3,YKL211C,6,t48,0.795902681,excellent,150519_n1_lib.a1_ARG3_ORT1_006_t48.xls
TRP4,YDR354W,6,t48,-0.256993273,infeasible,150519_n1_lib.a1_ARG3_ORT1_006_t48.xls
TRP5,YGL026C,6,t48,0.780038776,excellent,150519_n1_lib.a1_ARG3_ORT1_006_t48.xls
URA1,YKL216W,6,t48,0.758533465,excellent,150519_n1_lib.a1_ARG3_ORT1_006_t48.xls
URA4,YLR420W,6,t48,0.786105289,excellent,150519_n1_lib.a1_ARG3_ORT1_006_t48.xls
VMA1,YDL185W,6,t48,-0.649181632,infeasible,150519_n1_lib.a1_ARG3_ORT1_006_t48.xls
VMA16,YHR026W,6,t48,-0.033151766,infeasible,150519_n1_lib.a1_ARG3_ORT1_006_t48.xls
VMA2,YBR127C,6,t48,-0.04441479,infeasible,150519_n1_lib.a1_ARG3_ORT1_006_t48.xls
VMA5,YKL080W,6,t48,-0.288270371,infeasible,150519_n1_lib.a1_ARG3_ORT1_006_t48.xls
VMA6,YLR447C,6,t48,-0.491733402,infeasible,150519_n1_lib.a1_ARG3_ORT1_006_t48.xls
VMA7,YGR020C,6,t48,-1.593056352,infeasible,150519_n1_lib.a1_ARG3_ORT1_006_t48.xls
VMA8,YEL051W,6,t48,0.028303815,marginal,150519_n1_lib.a1_ARG3_ORT1_006_t48.xls
VMA9,YCL005W-A,6,t48,0.095125084,marginal,150519_n1_lib.a1_ARG3_ORT1_006_t48.xls
VPH2,YKL119C,6,t48,-0.963960517,infeasible,150519_n1_lib.a1_ARG3_ORT1_006_t48.xls
VPS65,YLR322W,6,t48,0.773384775,excellent,150519_n1_lib.a1_ARG3_ORT1_006_t48.xls
YEA4,YEL004W,6,t48,0.294068349,marginal,150519_n1_lib.a1_ARG3_ORT1_006_t48.xls
YNG2,YHR090C,6,t48,0.210007878,marginal,150519_n1_lib.a1_ARG3_ORT1_006_t48.xls
ZUO1,YGR285C,6,t48,0.475813896,marginal,150519_n1_lib.a1_ARG3_ORT1_006_t48.xls
ADE2,YOR128C,7,t48,0.816830399,excellent,150519_n1_lib.a1_FUN12_ISA1_007_t48.xls
"ADE5,7",YGL234W,7,t48,0.850400874,excellent,150519_n1_lib.a1_FUN12_ISA1_007_t48.xls
ADE6,YGR061C,7,t48,0.15074094,marginal,150519_n1_lib.a1_FUN12_ISA1_007_t48.xls
ADE8,YDR408C,7,t48,0.673347364,excellent,150519_n1_lib.a1_FUN12_ISA1_007_t48.xls
ADO1,YJR105W,7,t48,-0.22864538,infeasible,150519_n1_lib.a1_FUN12_ISA1_007_t48.xls
ANP1,YEL036C,7,t48,-0.651041761,infeasible,150519_n1_lib.a1_FUN12_ISA1_007_t48.xls
APL2,YKL135C,7,t48,0.152338294,marginal,150519_n1_lib.a1_FUN12_ISA1_007_t48.xls
APT1,YML022W,7,t48,0.868825352,excellent,150519_n1_lib.a1_FUN12_ISA1_007_t48.xls
ARG1,YOL058W,7,t48,0.797125197,excellent,150519_n1_lib.a1_FUN12_ISA1_007_t48.xls
ARG2,YJL071W,7,t48,0.398210652,marginal,150519_n1_lib.a1_FUN12_ISA1_007_t48.xls
ARG3,YJL088W,7,t48,0.670895142,excellent,150519_n1_lib.a1_FUN12_ISA1_007_t48.xls
ARG4,YHR018C,7,t48,-0.519165039,infeasible,150519_n1_lib.a1_FUN12_ISA1_007_t48.xls
"ARG5,6",YER069W,7,t48,0.834559666,excellent,150519_n1_lib.a1_FUN12_ISA1_007_t48.xls
ARG8,YOL140W,7,t48,0.708828728,excellent,150519_n1_lib.a1_FUN12_ISA1_007_t48.xls
ARO1,YDR127W,7,t48,0.832512843,excellent,150519_n1_lib.a1_FUN12_ISA1_007_t48.xls
ARO7,YPR060C,7,t48,0.858169948,excellent,150519_n1_lib.a1_FUN12_ISA1_007_t48.xls
BAS1,YKR099W,7,t48,0.313598433,marginal,150519_n1_lib.a1_FUN12_ISA1_007_t48.xls
BUD16,YEL029C,7,t48,0.794792888,excellent,150519_n1_lib.a1_FUN12_ISA1_007_t48.xls
CDC40,YDR364C,7,t48,-0.99224979,infeasible,150519_n1_lib.a1_FUN12_ISA1_007_t48.xls
CHO2,YGR157W,7,t48,0.030697296,marginal,150519_n1_lib.a1_FUN12_ISA1_007_t48.xls
CNM67,YNL225C,7,t48,-0.257995415,infeasible,150519_n1_lib.a1_FUN12_ISA1_007_t48.xls
DOC1,YGL240W,7,t48,-0.573932292,infeasible,150519_n1_lib.a1_FUN12_ISA1_007_t48.xls
ECM29,YHL030W,7,t48,0.73506516,excellent,150519_n1_lib.a1_FUN12_ISA1_007_t48.xls
ERG4,YGL012W,7,t48,0.81876954,excellent,150519_n1_lib.a1_FUN12_ISA1_007_t48.xls
FCY22,YER060W-A,7,t48,0.593275073,excellent,150519_n1_lib.a1_FUN12_ISA1_007_t48.xls
FUN12,ORF-ts1,7,t48,-0.889021077,infeasible,150519_n1_lib.a1_FUN12_ISA1_007_t48.xls
GGC1,YDL198C,7,t48,0.209170863,marginal,150519_n1_lib.a1_FUN12_ISA1_007_t48.xls
HIS1,YER055C,7,t48,0.833361939,excellent,150519_n1_lib.a1_FUN12_ISA1_007_t48.xls
HIS2,YFR025C,7,t48,0.836667629,excellent,150519_n1_lib.a1_FUN12_ISA1_007_t48.xls
HIS4,YCL030C,7,t48,0.756087069,excellent,150519_n1_lib.a1_FUN12_ISA1_007_t48.xls
HIS6,YIL020C,7,t48,0.187002814,marginal,150519_n1_lib.a1_FUN12_ISA1_007_t48.xls
HMF1,YER057C,7,t48,-0.392453792,infeasible,150519_n1_lib.a1_FUN12_ISA1_007_t48.xls
IBA57,YJR122W,7,t48,0.817831937,excellent,150519_n1_lib.a1_FUN12_ISA1_007_t48.xls
ILV1,YER086W,7,t48,0.749961791,excellent,150519_n1_lib.a1_FUN12_ISA1_007_t48.xls
IRC10,YOL015W,7,t48,0.857319102,excellent,150519_n1_lib.a1_FUN12_ISA1_007_t48.xls
ISA1,ORF-ts2,7,t48,0.125422381,marginal,150519_n1_lib.a1_FUN12_ISA1_007_t48.xls
LAG1,YHL003C,7,t48,0.775519984,excellent,150519_n1_lib.a1_FUN12_ISA1_007_t48.xls
LYS1,YIR034C,7,t48,0.738302433,excellent,150519_n1_lib.a1_FUN12_ISA1_007_t48.xls
LYS12,YIL094C,7,t48,0.264842891,marginal,150519_n1_lib.a1_FUN12_ISA1_007_t48.xls
LYS2,YBR115C,7,t48,0.777528072,excellent,150519_n1_lib.a1_FUN12_ISA1_007_t48.xls
LYS4,YDR234W,7,t48,0.360123551,marginal,150519_n1_lib.a1_FUN12_ISA1_007_t48.xls
LYS5,YGL154C,7,t48,0.869722265,excellent,150519_n1_lib.a1_FUN12_ISA1_007_t48.xls
LYS9,YNR050C,7,t48,0.631209615,excellent,150519_n1_lib.a1_FUN12_ISA1_007_t48.xls
MET1,YKR069W,7,t48,0.821543151,excellent,150519_n1_lib.a1_FUN12_ISA1_007_t48.xls
MET13,YGL125W,7,t48,0.815247339,excellent,150519_n1_lib.a1_FUN12_ISA1_007_t48.xls
MET14,YKL001C,7,t48,0.679988197,excellent,150519_n1_lib.a1_FUN12_ISA1_007_t48.xls
MET18,YIL128W,7,t48,-2.73451317,infeasible,150519_n1_lib.a1_FUN12_ISA1_007_t48.xls
MET28,YIR017C,7,t48,-1.499353797,infeasible,150519_n1_lib.a1_FUN12_ISA1_007_t48.xls
MET3,YJR010W,7,t48,0.688443619,excellent,150519_n1_lib.a1_FUN12_ISA1_007_t48.xls
MET7,YOR241W,7,t48,0.171100706,marginal,150519_n1_lib.a1_FUN12_ISA1_007_t48.xls
MHF2,YDL160C-A,7,t48,0.818024669,excellent,150519_n1_lib.a1_FUN12_ISA1_007_t48.xls
OPI3,YJR073C,7,t48,-0.876394531,infeasible,150519_n1_lib.a1_FUN12_ISA1_007_t48.xls
"ORF , Dubious (2)",YDR008C,7,t48,0.5251107,excellent,150519_n1_lib.a1_FUN12_ISA1_007_t48.xls
"ORF , Uncharacterized (1)",YBR209W,7,t48,0.789936913,excellent,150519_n1_lib.a1_FUN12_ISA1_007_t48.xls
"ORF , Uncharacterized (2)",YHL005C,7,t48,0.876081964,excellent,150519_n1_lib.a1_FUN12_ISA1_007_t48.xls
ORT1,YOR130C,7,t48,0.32771206,marginal,150519_n1_lib.a1_FUN12_ISA1_007_t48.xls
PEX35,YGR168C,7,t48,0.597566894,excellent,150519_n1_lib.a1_FUN12_ISA1_007_t48.xls
POS5,YPL188W,7,t48,0.61663263,excellent,150519_n1_lib.a1_FUN12_ISA1_007_t48.xls
PRO2,YOR323C,7,t48,-0.608792235,infeasible,150519_n1_lib.a1_FUN12_ISA1_007_t48.xls
PRP18,YGR006W,7,t48,0.562021072,excellent,150519_n1_lib.a1_FUN12_ISA1_007_t48.xls
RPL27A,YHR010W,7,t48,0.681834273,excellent,150519_n1_lib.a1_FUN12_ISA1_007_t48.xls
RPL31A,YDL075W,7,t48,-1.801051868,infeasible,150519_n1_lib.a1_FUN12_ISA1_007_t48.xls
RPS24B,YIL069C,7,t48,0.733943078,excellent,150519_n1_lib.a1_FUN12_ISA1_007_t48.xls
RSC2,YLR357W,7,t48,-0.43088898,infeasible,150519_n1_lib.a1_FUN12_ISA1_007_t48.xls
SSQ1,YLR369W,7,t48,-1.912751219,infeasible,150519_n1_lib.a1_FUN12_ISA1_007_t48.xls
SWI3,YJL176C,7,t48,0.277603593,marginal,150519_n1_lib.a1_FUN12_ISA1_007_t48.xls
TRP2,YER090W,7,t48,-0.3036756,infeasible,150519_n1_lib.a1_FUN12_ISA1_007_t48.xls
TRP3,YKL211C,7,t48,0.736509107,excellent,150519_n1_lib.a1_FUN12_ISA1_007_t48.xls
TRP4,YDR354W,7,t48,0.790103335,excellent,150519_n1_lib.a1_FUN12_ISA1_007_t48.xls
TRP5,YGL026C,7,t48,0.760225526,excellent,150519_n1_lib.a1_FUN12_ISA1_007_t48.xls
URA1,YKL216W,7,t48,0.808316798,excellent,150519_n1_lib.a1_FUN12_ISA1_007_t48.xls
URA4,YLR420W,7,t48,0.604883054,excellent,150519_n1_lib.a1_FUN12_ISA1_007_t48.xls
VMA1,YDL185W,7,t48,-0.128083036,infeasible,150519_n1_lib.a1_FUN12_ISA1_007_t48.xls
VMA16,YHR026W,7,t48,-0.588505403,infeasible,150519_n1_lib.a1_FUN12_ISA1_007_t48.xls
VMA2,YBR127C,7,t48,0.042442681,marginal,150519_n1_lib.a1_FUN12_ISA1_007_t48.xls
VMA5,YKL080W,7,t48,0.093769584,marginal,150519_n1_lib.a1_FUN12_ISA1_007_t48.xls
VMA6,YLR447C,7,t48,-1.038727035,infeasible,150519_n1_lib.a1_FUN12_ISA1_007_t48.xls
VMA7,YGR020C,7,t48,-0.368218245,infeasible,150519_n1_lib.a1_FUN12_ISA1_007_t48.xls
VMA8,YEL051W,7,t48,-0.09361043,infeasible,150519_n1_lib.a1_FUN12_ISA1_007_t48.xls
VMA9,YCL005W-A,7,t48,-0.355428674,infeasible,150519_n1_lib.a1_FUN12_ISA1_007_t48.xls
VPH2,YKL119C,7,t48,-0.623937709,infeasible,150519_n1_lib.a1_FUN12_ISA1_007_t48.xls
VPS65,YLR322W,7,t48,0.578435853,excellent,150519_n1_lib.a1_FUN12_ISA1_007_t48.xls
YEA4,YEL004W,7,t48,-0.211253803,infeasible,150519_n1_lib.a1_FUN12_ISA1_007_t48.xls
YNG2,YHR090C,7,t48,-0.860234076,infeasible,150519_n1_lib.a1_FUN12_ISA1_007_t48.xls
ZUO1,YGR285C,7,t48,0.071819094,marginal,150519_n1_lib.a1_FUN12_ISA1_007_t48.xls
ZWF1,YNL241C,7,t48,-1.98752396,infeasible,150519_n1_lib.a1_FUN12_ISA1_007_t48.xls
ADE1,YAR015W,8,t48,-1.013869892,infeasible,170519_n1_lib.a1_MET3_LYS5_008_t48.xls
ADE2,YOR128C,8,t48,0.815477287,excellent,170519_n1_lib.a1_MET3_LYS5_008_t48.xls
"ADE5,7",YGL234W,8,t48,0.844039062,excellent,170519_n1_lib.a1_MET3_LYS5_008_t48.xls
ADE6,YGR061C,8,t48,0.698556669,excellent,170519_n1_lib.a1_MET3_LYS5_008_t48.xls
ADE8,YDR408C,8,t48,0.256954741,marginal,170519_n1_lib.a1_MET3_LYS5_008_t48.xls
ADO1,YJR105W,8,t48,-1.188014624,infeasible,170519_n1_lib.a1_MET3_LYS5_008_t48.xls
ANP1,YEL036C,8,t48,-1.224771717,infeasible,170519_n1_lib.a1_MET3_LYS5_008_t48.xls
APT1,YML022W,8,t48,0.818932816,excellent,170519_n1_lib.a1_MET3_LYS5_008_t48.xls
ARG1,YOL058W,8,t48,0.787385488,excellent,170519_n1_lib.a1_MET3_LYS5_008_t48.xls
ARG3,YJL088W,8,t48,0.643083445,excellent,170519_n1_lib.a1_MET3_LYS5_008_t48.xls
"ARG5,6",YER069W,8,t48,-0.767248736,infeasible,170519_n1_lib.a1_MET3_LYS5_008_t48.xls
ARG8,YOL140W,8,t48,0.439323828,marginal,170519_n1_lib.a1_MET3_LYS5_008_t48.xls
ARO1,YDR127W,8,t48,0.840198294,excellent,170519_n1_lib.a1_MET3_LYS5_008_t48.xls
ARO2,YGL148W,8,t48,0.150418233,marginal,170519_n1_lib.a1_MET3_LYS5_008_t48.xls
ARO7,YPR060C,8,t48,0.817363589,excellent,170519_n1_lib.a1_MET3_LYS5_008_t48.xls
BAS1,YKR099W,8,t48,0.302284438,marginal,170519_n1_lib.a1_MET3_LYS5_008_t48.xls
BUD16,YEL029C,8,t48,-1.597349261,infeasible,170519_n1_lib.a1_MET3_LYS5_008_t48.xls
CCS1,YMR038C,8,t48,0.133323614,marginal,170519_n1_lib.a1_MET3_LYS5_008_t48.xls
CDC40,YDR364C,8,t48,-1.404757712,infeasible,170519_n1_lib.a1_MET3_LYS5_008_t48.xls
CHO2,YGR157W,8,t48,-0.762349443,infeasible,170519_n1_lib.a1_MET3_LYS5_008_t48.xls
CNM67,YNL225C,8,t48,-0.386597031,infeasible,170519_n1_lib.a1_MET3_LYS5_008_t48.xls
DOC1,YGL240W,8,t48,-1.757945654,infeasible,170519_n1_lib.a1_MET3_LYS5_008_t48.xls
ECM29,YHL030W,8,t48,0.637811281,excellent,170519_n1_lib.a1_MET3_LYS5_008_t48.xls
ERG4,YGL012W,8,t48,0.819034058,excellent,170519_n1_lib.a1_MET3_LYS5_008_t48.xls
GGC1,YDL198C,8,t48,-0.633285908,infeasible,170519_n1_lib.a1_MET3_LYS5_008_t48.xls
HIS1,YER055C,8,t48,0.717813419,excellent,170519_n1_lib.a1_MET3_LYS5_008_t48.xls
HIS2,YFR025C,8,t48,0.771785295,excellent,170519_n1_lib.a1_MET3_LYS5_008_t48.xls
HIS4,YCL030C,8,t48,0.810793392,excellent,170519_n1_lib.a1_MET3_LYS5_008_t48.xls
HMF1,YER057C,8,t48,-0.684621899,infeasible,170519_n1_lib.a1_MET3_LYS5_008_t48.xls
IBA57,YJR122W,8,t48,0.824422882,excellent,170519_n1_lib.a1_MET3_LYS5_008_t48.xls
ILV1,YER086W,8,t48,0.549877772,excellent,170519_n1_lib.a1_MET3_LYS5_008_t48.xls
IRC10,YOL015W,8,t48,0.82959628,excellent,170519_n1_lib.a1_MET3_LYS5_008_t48.xls
ISA1,YLL027W,8,t48,0.164633311,marginal,170519_n1_lib.a1_MET3_LYS5_008_t48.xls
LAG1,YHL003C,8,t48,0.820171514,excellent,170519_n1_lib.a1_MET3_LYS5_008_t48.xls
LYS1,YIR034C,8,t48,0.772183882,excellent,170519_n1_lib.a1_MET3_LYS5_008_t48.xls
LYS2,YBR115C,8,t48,0.718590251,excellent,170519_n1_lib.a1_MET3_LYS5_008_t48.xls
LYS4,YDR234W,8,t48,0.486237394,marginal,170519_n1_lib.a1_MET3_LYS5_008_t48.xls
LYS5,YGL154C,8,t48,-0.129622854,infeasible,170519_n1_lib.a1_MET3_LYS5_008_t48.xls
LYS9,YNR050C,8,t48,-0.113780222,infeasible,170519_n1_lib.a1_MET3_LYS5_008_t48.xls
MET1,YKR069W,8,t48,-0.193931804,infeasible,170519_n1_lib.a1_MET3_LYS5_008_t48.xls
MET13,YGL125W,8,t48,0.848605262,excellent,170519_n1_lib.a1_MET3_LYS5_008_t48.xls
MET14,YKL001C,8,t48,0.495367912,marginal,170519_n1_lib.a1_MET3_LYS5_008_t48.xls
MET18,YIL128W,8,t48,-4.120020547,infeasible,170519_n1_lib.a1_MET3_LYS5_008_t48.xls
MET28,YIR017C,8,t48,-3.222925334,infeasible,170519_n1_lib.a1_MET3_LYS5_008_t48.xls
MET3,ORF-ts1,8,t48,-0.092129243,infeasible,170519_n1_lib.a1_MET3_LYS5_008_t48.xls
MET7,YOR241W,8,t48,0.833639995,excellent,170519_n1_lib.a1_MET3_LYS5_008_t48.xls
MHF2,YDL160C-A,8,t48,0.81794529,excellent,170519_n1_lib.a1_MET3_LYS5_008_t48.xls
OPI3,YJR073C,8,t48,-0.343433901,infeasible,170519_n1_lib.a1_MET3_LYS5_008_t48.xls
"ORF , Dubious (2)",YDR008C,8,t48,0.500333613,excellent,170519_n1_lib.a1_MET3_LYS5_008_t48.xls
"ORF , Uncharacterized (1)",YBR209W,8,t48,0.528673375,excellent,170519_n1_lib.a1_MET3_LYS5_008_t48.xls
"ORF , Uncharacterized (2)",YHL005C,8,t48,0.810415062,excellent,170519_n1_lib.a1_MET3_LYS5_008_t48.xls
ORT1,YOR130C,8,t48,0.401215671,marginal,170519_n1_lib.a1_MET3_LYS5_008_t48.xls
PHA2,YNL316C,8,t48,-0.229913937,infeasible,170519_n1_lib.a1_MET3_LYS5_008_t48.xls
POS5,YPL188W,8,t48,0.357757678,marginal,170519_n1_lib.a1_MET3_LYS5_008_t48.xls
PRO2,YOR323C,8,t48,-0.912919622,infeasible,170519_n1_lib.a1_MET3_LYS5_008_t48.xls
PRP18,YGR006W,8,t48,0.386736806,marginal,170519_n1_lib.a1_MET3_LYS5_008_t48.xls
RPL27A,YHR010W,8,t48,-0.534663598,infeasible,170519_n1_lib.a1_MET3_LYS5_008_t48.xls
RPS24B,YIL069C,8,t48,0.676994076,excellent,170519_n1_lib.a1_MET3_LYS5_008_t48.xls
RSC2,YLR357W,8,t48,0.13450956,marginal,170519_n1_lib.a1_MET3_LYS5_008_t48.xls
SSQ1,YLR369W,8,t48,-1.213868665,infeasible,170519_n1_lib.a1_MET3_LYS5_008_t48.xls
SWI3,YJL176C,8,t48,-0.079131104,infeasible,170519_n1_lib.a1_MET3_LYS5_008_t48.xls
TRP2,YER090W,8,t48,-0.364716614,infeasible,170519_n1_lib.a1_MET3_LYS5_008_t48.xls
TRP3,YKL211C,8,t48,0.768978758,excellent,170519_n1_lib.a1_MET3_LYS5_008_t48.xls
TRP4,YDR354W,8,t48,0.825060931,excellent,170519_n1_lib.a1_MET3_LYS5_008_t48.xls
TRP5,YGL026C,8,t48,0.712530311,excellent,170519_n1_lib.a1_MET3_LYS5_008_t48.xls
URA1,YKL216W,8,t48,0.777403407,excellent,170519_n1_lib.a1_MET3_LYS5_008_t48.xls
URA4,YLR420W,8,t48,0.787031559,excellent,170519_n1_lib.a1_MET3_LYS5_008_t48.xls
VMA1,YDL185W,8,t48,-1.444807487,infeasible,170519_n1_lib.a1_MET3_LYS5_008_t48.xls
VMA16,YHR026W,8,t48,-1.012746463,infeasible,170519_n1_lib.a1_MET3_LYS5_008_t48.xls
VMA2,YBR127C,8,t48,-0.296075162,infeasible,170519_n1_lib.a1_MET3_LYS5_008_t48.xls
VMA7,YGR020C,8,t48,-0.87161779,infeasible,170519_n1_lib.a1_MET3_LYS5_008_t48.xls
VMA8,YEL051W,8,t48,-1.427856333,infeasible,170519_n1_lib.a1_MET3_LYS5_008_t48.xls
VMA9,YCL005W-A,8,t48,-0.755099304,infeasible,170519_n1_lib.a1_MET3_LYS5_008_t48.xls
VPH2,YKL119C,8,t48,-1.108608178,infeasible,170519_n1_lib.a1_MET3_LYS5_008_t48.xls
VPS65,YLR322W,8,t48,0.044707661,marginal,170519_n1_lib.a1_MET3_LYS5_008_t48.xls
YEA4,YEL004W,8,t48,0.591497786,excellent,170519_n1_lib.a1_MET3_LYS5_008_t48.xls
YNG2,YHR090C,8,t48,-0.069710613,infeasible,170519_n1_lib.a1_MET3_LYS5_008_t48.xls
ZUO1,YGR285C,8,t48,-0.821231088,infeasible,170519_n1_lib.a1_MET3_LYS5_008_t48.xls
ADE1,YAR015W,9,t48,-0.203319118,infeasible,190519_n1_lib.a1_HIS6_TRP4_009_t48.xls
ADE2,YOR128C,9,t48,0.567116534,excellent,190519_n1_lib.a1_HIS6_TRP4_009_t48.xls
"ADE5,7",YGL234W,9,t48,0.804526157,excellent,190519_n1_lib.a1_HIS6_TRP4_009_t48.xls
ADE6,YGR061C,9,t48,0.780219891,excellent,190519_n1_lib.a1_HIS6_TRP4_009_t48.xls
ADE8,YDR408C,9,t48,-0.394310004,infeasible,190519_n1_lib.a1_HIS6_TRP4_009_t48.xls
ADO1,YJR105W,9,t48,-0.521611077,infeasible,190519_n1_lib.a1_HIS6_TRP4_009_t48.xls
ANP1,YEL036C,9,t48,-1.105589707,infeasible,190519_n1_lib.a1_HIS6_TRP4_009_t48.xls
APL2,YKL135C,9,t48,0.118640812,marginal,190519_n1_lib.a1_HIS6_TRP4_009_t48.xls
APT1,YML022W,9,t48,-0.681067808,infeasible,190519_n1_lib.a1_HIS6_TRP4_009_t48.xls
ARG1,YOL058W,9,t48,0.647289833,excellent,190519_n1_lib.a1_HIS6_TRP4_009_t48.xls
ARG2,YJL071W,9,t48,-0.077813387,infeasible,190519_n1_lib.a1_HIS6_TRP4_009_t48.xls
ARG3,YJL088W,9,t48,0.266448728,marginal,190519_n1_lib.a1_HIS6_TRP4_009_t48.xls
ARG8,YOL140W,9,t48,0.677969617,excellent,190519_n1_lib.a1_HIS6_TRP4_009_t48.xls
ARO1,YDR127W,9,t48,0.640703892,excellent,190519_n1_lib.a1_HIS6_TRP4_009_t48.xls
ARO2,YGL148W,9,t48,0.538366768,excellent,190519_n1_lib.a1_HIS6_TRP4_009_t48.xls
ARO7,YPR060C,9,t48,0.634538217,excellent,190519_n1_lib.a1_HIS6_TRP4_009_t48.xls
BAS1,YKR099W,9,t48,0.406354956,marginal,190519_n1_lib.a1_HIS6_TRP4_009_t48.xls
CCS1,YMR038C,9,t48,0.773830165,excellent,190519_n1_lib.a1_HIS6_TRP4_009_t48.xls
CDC40,YDR364C,9,t48,-0.920203925,infeasible,190519_n1_lib.a1_HIS6_TRP4_009_t48.xls
CHO2,YGR157W,9,t48,-0.072932373,infeasible,190519_n1_lib.a1_HIS6_TRP4_009_t48.xls
CNM67,YNL225C,9,t48,-0.447846048,infeasible,190519_n1_lib.a1_HIS6_TRP4_009_t48.xls
DOC1,YGL240W,9,t48,-1.203783324,infeasible,190519_n1_lib.a1_HIS6_TRP4_009_t48.xls
ECM29,YHL030W,9,t48,0.659008839,excellent,190519_n1_lib.a1_HIS6_TRP4_009_t48.xls
ERG4,YGL012W,9,t48,0.758577432,excellent,190519_n1_lib.a1_HIS6_TRP4_009_t48.xls
FCY22,YER060W-A,9,t48,-0.081686135,infeasible,190519_n1_lib.a1_HIS6_TRP4_009_t48.xls
FUN12,YAL035W,9,t48,0.760671147,excellent,190519_n1_lib.a1_HIS6_TRP4_009_t48.xls
GGC1,YDL198C,9,t48,-0.944956838,infeasible,190519_n1_lib.a1_HIS6_TRP4_009_t48.xls
HIS1,YER055C,9,t48,0.772182736,excellent,190519_n1_lib.a1_HIS6_TRP4_009_t48.xls
HIS2,YFR025C,9,t48,0.474503387,marginal,190519_n1_lib.a1_HIS6_TRP4_009_t48.xls
HIS4,YCL030C,9,t48,0.771356469,excellent,190519_n1_lib.a1_HIS6_TRP4_009_t48.xls
HIS6,ORF-ts1,9,t48,-0.213532328,infeasible,190519_n1_lib.a1_HIS6_TRP4_009_t48.xls
HMF1,YER057C,9,t48,0.829827942,excellent,190519_n1_lib.a1_HIS6_TRP4_009_t48.xls
IBA57,YJR122W,9,t48,0.637199861,excellent,190519_n1_lib.a1_HIS6_TRP4_009_t48.xls
ILV1,YER086W,9,t48,0.673455772,excellent,190519_n1_lib.a1_HIS6_TRP4_009_t48.xls
IRC10,YOL015W,9,t48,0.774210772,excellent,190519_n1_lib.a1_HIS6_TRP4_009_t48.xls
ISA1,YLL027W,9,t48,0.440718042,marginal,190519_n1_lib.a1_HIS6_TRP4_009_t48.xls
LAG1,YHL003C,9,t48,0.771588768,excellent,190519_n1_lib.a1_HIS6_TRP4_009_t48.xls
LYS1,YIR034C,9,t48,0.692553117,excellent,190519_n1_lib.a1_HIS6_TRP4_009_t48.xls
LYS12,YIL094C,9,t48,0.532112351,excellent,190519_n1_lib.a1_HIS6_TRP4_009_t48.xls
LYS4,YDR234W,9,t48,0.642737919,excellent,190519_n1_lib.a1_HIS6_TRP4_009_t48.xls
LYS5,YGL154C,9,t48,-0.682540978,infeasible,190519_n1_lib.a1_HIS6_TRP4_009_t48.xls
LYS9,YNR050C,9,t48,0.744092047,excellent,190519_n1_lib.a1_HIS6_TRP4_009_t48.xls
MET1,YKR069W,9,t48,-0.068567251,infeasible,190519_n1_lib.a1_HIS6_TRP4_009_t48.xls
MET10,YFR030W,9,t48,-0.692576698,infeasible,190519_n1_lib.a1_HIS6_TRP4_009_t48.xls
MET13,YGL125W,9,t48,0.822246679,excellent,190519_n1_lib.a1_HIS6_TRP4_009_t48.xls
MET14,YKL001C,9,t48,0.773578426,excellent,190519_n1_lib.a1_HIS6_TRP4_009_t48.xls
MET18,YIL128W,9,t48,-3.148030691,infeasible,190519_n1_lib.a1_HIS6_TRP4_009_t48.xls
MET28,YIR017C,9,t48,-3.240119099,infeasible,190519_n1_lib.a1_HIS6_TRP4_009_t48.xls
MET3,YJR010W,9,t48,-0.543776421,infeasible,190519_n1_lib.a1_HIS6_TRP4_009_t48.xls
MET5,YJR137C,9,t48,0.116345764,marginal,190519_n1_lib.a1_HIS6_TRP4_009_t48.xls
MET7,YOR241W,9,t48,0.802063998,excellent,190519_n1_lib.a1_HIS6_TRP4_009_t48.xls
MHF2,YDL160C-A,9,t48,0.693259061,excellent,190519_n1_lib.a1_HIS6_TRP4_009_t48.xls
OPI3,YJR073C,9,t48,-1.110232978,infeasible,190519_n1_lib.a1_HIS6_TRP4_009_t48.xls
"ORF , Dubious (2)",YDR008C,9,t48,-0.213705944,infeasible,190519_n1_lib.a1_HIS6_TRP4_009_t48.xls
"ORF , Uncharacterized (1)",YBR209W,9,t48,0.695112586,excellent,190519_n1_lib.a1_HIS6_TRP4_009_t48.xls
"ORF , Uncharacterized (2)",YHL005C,9,t48,0.766398892,excellent,190519_n1_lib.a1_HIS6_TRP4_009_t48.xls
ORT1,YOR130C,9,t48,0.814241979,excellent,190519_n1_lib.a1_HIS6_TRP4_009_t48.xls
PEX35,YGR168C,9,t48,-0.33513995,infeasible,190519_n1_lib.a1_HIS6_TRP4_009_t48.xls
POS5,YPL188W,9,t48,0.043116676,marginal,190519_n1_lib.a1_HIS6_TRP4_009_t48.xls
PRO2,YOR323C,9,t48,-1.52701273,infeasible,190519_n1_lib.a1_HIS6_TRP4_009_t48.xls
PRP18,YGR006W,9,t48,-0.595965628,infeasible,190519_n1_lib.a1_HIS6_TRP4_009_t48.xls
RPL27A,YHR010W,9,t48,0.627195186,excellent,190519_n1_lib.a1_HIS6_TRP4_009_t48.xls
RPL31A,YDL075W,9,t48,-2.946547462,infeasible,190519_n1_lib.a1_HIS6_TRP4_009_t48.xls
RPS24B,YIL069C,9,t48,0.018663221,marginal,190519_n1_lib.a1_HIS6_TRP4_009_t48.xls
RSC2,YLR357W,9,t48,0.78445505,excellent,190519_n1_lib.a1_HIS6_TRP4_009_t48.xls
SSQ1,YLR369W,9,t48,-29.08497147,infeasible,190519_n1_lib.a1_HIS6_TRP4_009_t48.xls
SWI3,YJL176C,9,t48,-0.096408113,infeasible,190519_n1_lib.a1_HIS6_TRP4_009_t48.xls
TRP2,YER090W,9,t48,0.759499993,excellent,190519_n1_lib.a1_HIS6_TRP4_009_t48.xls
TRP3,YKL211C,9,t48,0.790350157,excellent,190519_n1_lib.a1_HIS6_TRP4_009_t48.xls
TRP4,ORF-ts2,9,t48,-0.211811311,infeasible,190519_n1_lib.a1_HIS6_TRP4_009_t48.xls
TRP5,YGL026C,9,t48,0.696653353,excellent,190519_n1_lib.a1_HIS6_TRP4_009_t48.xls
URA1,YKL216W,9,t48,0.384316474,marginal,190519_n1_lib.a1_HIS6_TRP4_009_t48.xls
URA4,YLR420W,9,t48,0.17612729,marginal,190519_n1_lib.a1_HIS6_TRP4_009_t48.xls
VMA1,YDL185W,9,t48,-1.278832187,infeasible,190519_n1_lib.a1_HIS6_TRP4_009_t48.xls
VMA16,YHR026W,9,t48,-0.854019259,infeasible,190519_n1_lib.a1_HIS6_TRP4_009_t48.xls
VMA2,YBR127C,9,t48,-0.419933784,infeasible,190519_n1_lib.a1_HIS6_TRP4_009_t48.xls
VMA5,YKL080W,9,t48,-0.875612543,infeasible,190519_n1_lib.a1_HIS6_TRP4_009_t48.xls
VMA6,YLR447C,9,t48,-0.364559313,infeasible,190519_n1_lib.a1_HIS6_TRP4_009_t48.xls
VMA7,YGR020C,9,t48,-0.72991481,infeasible,190519_n1_lib.a1_HIS6_TRP4_009_t48.xls
VMA8,YEL051W,9,t48,-3.718479299,infeasible,190519_n1_lib.a1_HIS6_TRP4_009_t48.xls
VMA9,YCL005W-A,9,t48,-1.082313387,infeasible,190519_n1_lib.a1_HIS6_TRP4_009_t48.xls
VPH2,YKL119C,9,t48,-1.278041884,infeasible,190519_n1_lib.a1_HIS6_TRP4_009_t48.xls
VPS65,YLR322W,9,t48,0.559481393,excellent,190519_n1_lib.a1_HIS6_TRP4_009_t48.xls
YNG2,YHR090C,9,t48,-0.352745198,infeasible,190519_n1_lib.a1_HIS6_TRP4_009_t48.xls
ZUO1,YGR285C,9,t48,-0.135194402,infeasible,190519_n1_lib.a1_HIS6_TRP4_009_t48.xls
ZWF1,YNL241C,9,t48,-0.597753366,infeasible,190519_n1_lib.a1_HIS6_TRP4_009_t48.xls
ADE1,YAR015W,10,t48,0.775205234,excellent,190519_n1_lib.a1_BAS1_MET13_010_t48.xls
ADE2,YOR128C,10,t48,0.806253433,excellent,190519_n1_lib.a1_BAS1_MET13_010_t48.xls
"ADE5,7",YGL234W,10,t48,0.875075108,excellent,190519_n1_lib.a1_BAS1_MET13_010_t48.xls
ADE6,YGR061C,10,t48,0.810693501,excellent,190519_n1_lib.a1_BAS1_MET13_010_t48.xls
ADE8,YDR408C,10,t48,0.870316014,excellent,190519_n1_lib.a1_BAS1_MET13_010_t48.xls
ADO1,YJR105W,10,t48,-0.366190967,infeasible,190519_n1_lib.a1_BAS1_MET13_010_t48.xls
ANP1,YEL036C,10,t48,-0.327038308,infeasible,190519_n1_lib.a1_BAS1_MET13_010_t48.xls
APL2,YKL135C,10,t48,0.893113552,excellent,190519_n1_lib.a1_BAS1_MET13_010_t48.xls
APT1,YML022W,10,t48,-0.584328967,infeasible,190519_n1_lib.a1_BAS1_MET13_010_t48.xls
ARG1,YOL058W,10,t48,0.851770487,excellent,190519_n1_lib.a1_BAS1_MET13_010_t48.xls
ARG2,YJL071W,10,t48,0.28123088,marginal,190519_n1_lib.a1_BAS1_MET13_010_t48.xls
ARG3,YJL088W,10,t48,0.038787566,marginal,190519_n1_lib.a1_BAS1_MET13_010_t48.xls
ARG4,YHR018C,10,t48,0.850692822,excellent,190519_n1_lib.a1_BAS1_MET13_010_t48.xls
"ARG5,6",YER069W,10,t48,0.86543263,excellent,190519_n1_lib.a1_BAS1_MET13_010_t48.xls
ARG8,YOL140W,10,t48,0.799318411,excellent,190519_n1_lib.a1_BAS1_MET13_010_t48.xls
ARO1,YDR127W,10,t48,0.842262967,excellent,190519_n1_lib.a1_BAS1_MET13_010_t48.xls
ARO2,YGL148W,10,t48,0.408512992,marginal,190519_n1_lib.a1_BAS1_MET13_010_t48.xls
ARO7,YPR060C,10,t48,0.887893352,excellent,190519_n1_lib.a1_BAS1_MET13_010_t48.xls
BAS1,ORF-ts1,10,t48,-1.321325831,infeasible,190519_n1_lib.a1_BAS1_MET13_010_t48.xls
BUD16,YEL029C,10,t48,0.847218935,excellent,190519_n1_lib.a1_BAS1_MET13_010_t48.xls
CCS1,YMR038C,10,t48,0.499646692,marginal,190519_n1_lib.a1_BAS1_MET13_010_t48.xls
CDC40,YDR364C,10,t48,-0.276297887,infeasible,190519_n1_lib.a1_BAS1_MET13_010_t48.xls
CHO2,YGR157W,10,t48,0.481346194,marginal,190519_n1_lib.a1_BAS1_MET13_010_t48.xls
CNM67,YNL225C,10,t48,0.196632496,marginal,190519_n1_lib.a1_BAS1_MET13_010_t48.xls
DOC1,YGL240W,10,t48,-0.906797917,infeasible,190519_n1_lib.a1_BAS1_MET13_010_t48.xls
ECM29,YHL030W,10,t48,0.824871302,excellent,190519_n1_lib.a1_BAS1_MET13_010_t48.xls
ERG4,YGL012W,10,t48,0.91049456,excellent,190519_n1_lib.a1_BAS1_MET13_010_t48.xls
FCY22,YER060W-A,10,t48,0.886384349,excellent,190519_n1_lib.a1_BAS1_MET13_010_t48.xls
FUN12,YAL035W,10,t48,0.846564516,excellent,190519_n1_lib.a1_BAS1_MET13_010_t48.xls
GGC1,YDL198C,10,t48,0.156659861,marginal,190519_n1_lib.a1_BAS1_MET13_010_t48.xls
HIS1,YER055C,10,t48,0.799802164,excellent,190519_n1_lib.a1_BAS1_MET13_010_t48.xls
HIS2,YFR025C,10,t48,0.842503462,excellent,190519_n1_lib.a1_BAS1_MET13_010_t48.xls
HIS4,YCL030C,10,t48,0.861615505,excellent,190519_n1_lib.a1_BAS1_MET13_010_t48.xls
HIS6,YIL020C,10,t48,0.816771856,excellent,190519_n1_lib.a1_BAS1_MET13_010_t48.xls
HMF1,YER057C,10,t48,0.909766907,excellent,190519_n1_lib.a1_BAS1_MET13_010_t48.xls
IBA57,YJR122W,10,t48,-0.554942004,infeasible,190519_n1_lib.a1_BAS1_MET13_010_t48.xls
ILV1,YER086W,10,t48,0.797057358,excellent,190519_n1_lib.a1_BAS1_MET13_010_t48.xls
IRC10,YOL015W,10,t48,0.824091433,excellent,190519_n1_lib.a1_BAS1_MET13_010_t48.xls
ISA1,YLL027W,10,t48,0.880870038,excellent,190519_n1_lib.a1_BAS1_MET13_010_t48.xls
LAG1,YHL003C,10,t48,0.855461884,excellent,190519_n1_lib.a1_BAS1_MET13_010_t48.xls
LYS1,YIR034C,10,t48,0.778357047,excellent,190519_n1_lib.a1_BAS1_MET13_010_t48.xls
LYS12,YIL094C,10,t48,0.80341047,excellent,190519_n1_lib.a1_BAS1_MET13_010_t48.xls
LYS2,YBR115C,10,t48,-0.419590999,infeasible,190519_n1_lib.a1_BAS1_MET13_010_t48.xls
LYS4,YDR234W,10,t48,0.817732217,excellent,190519_n1_lib.a1_BAS1_MET13_010_t48.xls
LYS5,YGL154C,10,t48,-0.609142439,infeasible,190519_n1_lib.a1_BAS1_MET13_010_t48.xls
LYS9,YNR050C,10,t48,0.794770374,excellent,190519_n1_lib.a1_BAS1_MET13_010_t48.xls
MET1,YKR069W,10,t48,0.303024824,marginal,190519_n1_lib.a1_BAS1_MET13_010_t48.xls
MET10,YFR030W,10,t48,0.846878725,excellent,190519_n1_lib.a1_BAS1_MET13_010_t48.xls
MET13,ORF-ts2,10,t48,0.299545136,marginal,190519_n1_lib.a1_BAS1_MET13_010_t48.xls
MET14,YKL001C,10,t48,0.864712856,excellent,190519_n1_lib.a1_BAS1_MET13_010_t48.xls
MET18,YIL128W,10,t48,-1.6618334,infeasible,190519_n1_lib.a1_BAS1_MET13_010_t48.xls
MET28,YIR017C,10,t48,-4.30265111,infeasible,190519_n1_lib.a1_BAS1_MET13_010_t48.xls
MET3,YJR010W,10,t48,0.825593519,excellent,190519_n1_lib.a1_BAS1_MET13_010_t48.xls
MET5,YJR137C,10,t48,0.763559193,excellent,190519_n1_lib.a1_BAS1_MET13_010_t48.xls
MET7,YOR241W,10,t48,0.898461726,excellent,190519_n1_lib.a1_BAS1_MET13_010_t48.xls
MHF2,YDL160C-A,10,t48,0.822988981,excellent,190519_n1_lib.a1_BAS1_MET13_010_t48.xls
OPI3,YJR073C,10,t48,-0.010001723,infeasible,190519_n1_lib.a1_BAS1_MET13_010_t48.xls
"ORF , Dubious (2)",YDR008C,10,t48,0.856226407,excellent,190519_n1_lib.a1_BAS1_MET13_010_t48.xls
"ORF , Uncharacterized (1)",YBR209W,10,t48,0.871209917,excellent,190519_n1_lib.a1_BAS1_MET13_010_t48.xls
"ORF , Uncharacterized (2)",YHL005C,10,t48,0.860969769,excellent,190519_n1_lib.a1_BAS1_MET13_010_t48.xls
ORT1,YOR130C,10,t48,-1.881246084,infeasible,190519_n1_lib.a1_BAS1_MET13_010_t48.xls
PEX35,YGR168C,10,t48,0.8804953,excellent,190519_n1_lib.a1_BAS1_MET13_010_t48.xls
PHA2,YNL316C,10,t48,-15.17823837,infeasible,190519_n1_lib.a1_BAS1_MET13_010_t48.xls
POS5,YPL188W,10,t48,0.604162414,excellent,190519_n1_lib.a1_BAS1_MET13_010_t48.xls
PRO2,YOR323C,10,t48,-0.568799981,infeasible,190519_n1_lib.a1_BAS1_MET13_010_t48.xls
PRP18,YGR006W,10,t48,0.41636278,marginal,190519_n1_lib.a1_BAS1_MET13_010_t48.xls
RPL27A,YHR010W,10,t48,0.755570709,excellent,190519_n1_lib.a1_BAS1_MET13_010_t48.xls
RPL31A,YDL075W,10,t48,-2.985609203,infeasible,190519_n1_lib.a1_BAS1_MET13_010_t48.xls
RPS24B,YIL069C,10,t48,0.495279505,marginal,190519_n1_lib.a1_BAS1_MET13_010_t48.xls
RSC2,YLR357W,10,t48,0.885614485,excellent,190519_n1_lib.a1_BAS1_MET13_010_t48.xls
SSQ1,YLR369W,10,t48,-4.166323553,infeasible,190519_n1_lib.a1_BAS1_MET13_010_t48.xls
SWI3,YJL176C,10,t48,0.249903355,marginal,190519_n1_lib.a1_BAS1_MET13_010_t48.xls
TRP2,YER090W,10,t48,0.036121115,marginal,190519_n1_lib.a1_BAS1_MET13_010_t48.xls
TRP3,YKL211C,10,t48,0.896778106,excellent,190519_n1_lib.a1_BAS1_MET13_010_t48.xls
TRP4,YDR354W,10,t48,0.873937889,excellent,190519_n1_lib.a1_BAS1_MET13_010_t48.xls
TRP5,YGL026C,10,t48,0.788648817,excellent,190519_n1_lib.a1_BAS1_MET13_010_t48.xls
URA1,YKL216W,10,t48,0.811541995,excellent,190519_n1_lib.a1_BAS1_MET13_010_t48.xls
URA4,YLR420W,10,t48,0.864681894,excellent,190519_n1_lib.a1_BAS1_MET13_010_t48.xls
VMA1,YDL185W,10,t48,-0.451521542,infeasible,190519_n1_lib.a1_BAS1_MET13_010_t48.xls
VMA16,YHR026W,10,t48,0.114605602,marginal,190519_n1_lib.a1_BAS1_MET13_010_t48.xls
VMA2,YBR127C,10,t48,-0.137523792,infeasible,190519_n1_lib.a1_BAS1_MET13_010_t48.xls
VMA5,YKL080W,10,t48,-0.216059285,infeasible,190519_n1_lib.a1_BAS1_MET13_010_t48.xls
VMA6,YLR447C,10,t48,-0.011141288,infeasible,190519_n1_lib.a1_BAS1_MET13_010_t48.xls
VMA7,YGR020C,10,t48,-0.297278723,infeasible,190519_n1_lib.a1_BAS1_MET13_010_t48.xls
VMA8,YEL051W,10,t48,-0.724645345,infeasible,190519_n1_lib.a1_BAS1_MET13_010_t48.xls
VMA9,YCL005W-A,10,t48,-0.679750404,infeasible,190519_n1_lib.a1_BAS1_MET13_010_t48.xls
VPH2,YKL119C,10,t48,-0.26294399,infeasible,190519_n1_lib.a1_BAS1_MET13_010_t48.xls
VPS65,YLR322W,10,t48,0.837855776,excellent,190519_n1_lib.a1_BAS1_MET13_010_t48.xls
YEA4,YEL004W,10,t48,-0.564458436,infeasible,190519_n1_lib.a1_BAS1_MET13_010_t48.xls
YNG2,YHR090C,10,t48,0.318096942,marginal,190519_n1_lib.a1_BAS1_MET13_010_t48.xls
ZUO1,YGR285C,10,t48,0.525414232,excellent,190519_n1_lib.a1_BAS1_MET13_010_t48.xls
ADE2,YOR128C,11,t48,0.798292345,excellent,250519_n1_lib.a1_LYS2_ARG4_011_t48.xls
"ADE5,7",YGL234W,11,t48,0.853621677,excellent,250519_n1_lib.a1_LYS2_ARG4_011_t48.xls
ADE6,YGR061C,11,t48,0.736631248,excellent,250519_n1_lib.a1_LYS2_ARG4_011_t48.xls
ADE8,YDR408C,11,t48,0.101334157,marginal,250519_n1_lib.a1_LYS2_ARG4_011_t48.xls
ADO1,YJR105W,11,t48,-1.115112256,infeasible,250519_n1_lib.a1_LYS2_ARG4_011_t48.xls
ANP1,YEL036C,11,t48,-0.629684025,infeasible,250519_n1_lib.a1_LYS2_ARG4_011_t48.xls
APL2,YKL135C,11,t48,0.283795182,marginal,250519_n1_lib.a1_LYS2_ARG4_011_t48.xls
APT1,YML022W,11,t48,0.831612299,excellent,250519_n1_lib.a1_LYS2_ARG4_011_t48.xls
ARG1,YOL058W,11,t48,0.73121378,excellent,250519_n1_lib.a1_LYS2_ARG4_011_t48.xls
ARG3,YJL088W,11,t48,0.807387926,excellent,250519_n1_lib.a1_LYS2_ARG4_011_t48.xls
ARG4,ORF-ts2,11,t48,-0.200167123,infeasible,250519_n1_lib.a1_LYS2_ARG4_011_t48.xls
"ARG5,6",YER069W,11,t48,0.743641402,excellent,250519_n1_lib.a1_LYS2_ARG4_011_t48.xls
ARG8,YOL140W,11,t48,0.711672744,excellent,250519_n1_lib.a1_LYS2_ARG4_011_t48.xls
ARO1,YDR127W,11,t48,0.715774001,excellent,250519_n1_lib.a1_LYS2_ARG4_011_t48.xls
ARO7,YPR060C,11,t48,-0.393352363,infeasible,250519_n1_lib.a1_LYS2_ARG4_011_t48.xls
BAS1,YKR099W,11,t48,0.354894198,marginal,250519_n1_lib.a1_LYS2_ARG4_011_t48.xls
BUD16,YEL029C,11,t48,0.254613153,marginal,250519_n1_lib.a1_LYS2_ARG4_011_t48.xls
CDC40,YDR364C,11,t48,-1.192633888,infeasible,250519_n1_lib.a1_LYS2_ARG4_011_t48.xls
CHO2,YGR157W,11,t48,0.099043992,marginal,250519_n1_lib.a1_LYS2_ARG4_011_t48.xls
CNM67,YNL225C,11,t48,-1.060693598,infeasible,250519_n1_lib.a1_LYS2_ARG4_011_t48.xls
DOC1,YGL240W,11,t48,-1.037411273,infeasible,250519_n1_lib.a1_LYS2_ARG4_011_t48.xls
ECM29,YHL030W,11,t48,0.775457008,excellent,250519_n1_lib.a1_LYS2_ARG4_011_t48.xls
ERG4,YGL012W,11,t48,0.842172058,excellent,250519_n1_lib.a1_LYS2_ARG4_011_t48.xls
FCY22,YER060W-A,11,t48,0.494764818,marginal,250519_n1_lib.a1_LYS2_ARG4_011_t48.xls
FUN12,YAL035W,11,t48,0.506626067,excellent,250519_n1_lib.a1_LYS2_ARG4_011_t48.xls
GGC1,YDL198C,11,t48,-0.128974518,infeasible,250519_n1_lib.a1_LYS2_ARG4_011_t48.xls
HIS1,YER055C,11,t48,0.760086575,excellent,250519_n1_lib.a1_LYS2_ARG4_011_t48.xls
HIS2,YFR025C,11,t48,0.757818365,excellent,250519_n1_lib.a1_LYS2_ARG4_011_t48.xls
HIS4,YCL030C,11,t48,0.805436852,excellent,250519_n1_lib.a1_LYS2_ARG4_011_t48.xls
HIS6,YIL020C,11,t48,0.733484292,excellent,250519_n1_lib.a1_LYS2_ARG4_011_t48.xls
HMF1,YER057C,11,t48,0.857233422,excellent,250519_n1_lib.a1_LYS2_ARG4_011_t48.xls
ILV1,YER086W,11,t48,0.737633767,excellent,250519_n1_lib.a1_LYS2_ARG4_011_t48.xls
IRC10,YOL015W,11,t48,0.742333629,excellent,250519_n1_lib.a1_LYS2_ARG4_011_t48.xls
ISA1,YLL027W,11,t48,0.818439192,excellent,250519_n1_lib.a1_LYS2_ARG4_011_t48.xls
LYS1,YIR034C,11,t48,0.301592667,marginal,250519_n1_lib.a1_LYS2_ARG4_011_t48.xls
LYS2,ORF-ts1,11,t48,-0.057383679,infeasible,250519_n1_lib.a1_LYS2_ARG4_011_t48.xls
LYS4,YDR234W,11,t48,0.774165485,excellent,250519_n1_lib.a1_LYS2_ARG4_011_t48.xls
LYS5,YGL154C,11,t48,0.831026255,excellent,250519_n1_lib.a1_LYS2_ARG4_011_t48.xls
LYS9,YNR050C,11,t48,0.748561768,excellent,250519_n1_lib.a1_LYS2_ARG4_011_t48.xls
MET1,YKR069W,11,t48,0.685084534,excellent,250519_n1_lib.a1_LYS2_ARG4_011_t48.xls
MET10,YFR030W,11,t48,-0.039219801,infeasible,250519_n1_lib.a1_LYS2_ARG4_011_t48.xls
MET13,YGL125W,11,t48,0.832739616,excellent,250519_n1_lib.a1_LYS2_ARG4_011_t48.xls
MET14,YKL001C,11,t48,0.680848172,excellent,250519_n1_lib.a1_LYS2_ARG4_011_t48.xls
MET18,YIL128W,11,t48,-2.315497605,infeasible,250519_n1_lib.a1_LYS2_ARG4_011_t48.xls
MET28,YIR017C,11,t48,-3.019396837,infeasible,250519_n1_lib.a1_LYS2_ARG4_011_t48.xls
MET3,YJR010W,11,t48,-0.607045272,infeasible,250519_n1_lib.a1_LYS2_ARG4_011_t48.xls
MET7,YOR241W,11,t48,0.840447662,excellent,250519_n1_lib.a1_LYS2_ARG4_011_t48.xls
MHF2,YDL160C-A,11,t48,-0.18726826,infeasible,250519_n1_lib.a1_LYS2_ARG4_011_t48.xls
OPI3,YJR073C,11,t48,-1.461423668,infeasible,250519_n1_lib.a1_LYS2_ARG4_011_t48.xls
"ORF , Dubious (2)",YDR008C,11,t48,0.524816842,excellent,250519_n1_lib.a1_LYS2_ARG4_011_t48.xls
"ORF , Uncharacterized (1)",YBR209W,11,t48,0.407683622,marginal,250519_n1_lib.a1_LYS2_ARG4_011_t48.xls
"ORF , Uncharacterized (2)",YHL005C,11,t48,0.759673519,excellent,250519_n1_lib.a1_LYS2_ARG4_011_t48.xls
ORT1,YOR130C,11,t48,-0.575040247,infeasible,250519_n1_lib.a1_LYS2_ARG4_011_t48.xls
PEX35,YGR168C,11,t48,0.46891722,marginal,250519_n1_lib.a1_LYS2_ARG4_011_t48.xls
POS5,YPL188W,11,t48,0.369871945,marginal,250519_n1_lib.a1_LYS2_ARG4_011_t48.xls
RPL27A,YHR010W,11,t48,0.393450382,marginal,250519_n1_lib.a1_LYS2_ARG4_011_t48.xls
RPL31A,YDL075W,11,t48,-2.407226093,infeasible,250519_n1_lib.a1_LYS2_ARG4_011_t48.xls
RPS24B,YIL069C,11,t48,0.774774137,excellent,250519_n1_lib.a1_LYS2_ARG4_011_t48.xls
RSC2,YLR357W,11,t48,0.808104428,excellent,250519_n1_lib.a1_LYS2_ARG4_011_t48.xls
SWI3,YJL176C,11,t48,0.181370034,marginal,250519_n1_lib.a1_LYS2_ARG4_011_t48.xls
TRP3,YKL211C,11,t48,0.800735563,excellent,250519_n1_lib.a1_LYS2_ARG4_011_t48.xls
TRP4,YDR354W,11,t48,0.741221879,excellent,250519_n1_lib.a1_LYS2_ARG4_011_t48.xls
TRP5,YGL026C,11,t48,0.768983724,excellent,250519_n1_lib.a1_LYS2_ARG4_011_t48.xls
URA1,YKL216W,11,t48,0.786059768,excellent,250519_n1_lib.a1_LYS2_ARG4_011_t48.xls
URA4,YLR420W,11,t48,-0.107624019,infeasible,250519_n1_lib.a1_LYS2_ARG4_011_t48.xls
VMA1,YDL185W,11,t48,-0.716477464,infeasible,250519_n1_lib.a1_LYS2_ARG4_011_t48.xls
VMA16,YHR026W,11,t48,-0.143324359,infeasible,250519_n1_lib.a1_LYS2_ARG4_011_t48.xls
VMA2,YBR127C,11,t48,-0.157129054,infeasible,250519_n1_lib.a1_LYS2_ARG4_011_t48.xls
VMA5,YKL080W,11,t48,-0.445678874,infeasible,250519_n1_lib.a1_LYS2_ARG4_011_t48.xls
VMA6,YLR447C,11,t48,-0.466754994,infeasible,250519_n1_lib.a1_LYS2_ARG4_011_t48.xls
VMA7,YGR020C,11,t48,-1.934024836,infeasible,250519_n1_lib.a1_LYS2_ARG4_011_t48.xls
VMA8,YEL051W,11,t48,-0.563359267,infeasible,250519_n1_lib.a1_LYS2_ARG4_011_t48.xls
VMA9,YCL005W-A,11,t48,-0.820338755,infeasible,250519_n1_lib.a1_LYS2_ARG4_011_t48.xls
VPH2,YKL119C,11,t48,-0.677984102,infeasible,250519_n1_lib.a1_LYS2_ARG4_011_t48.xls
VPS65,YLR322W,11,t48,0.692578759,excellent,250519_n1_lib.a1_LYS2_ARG4_011_t48.xls
YEA4,YEL004W,11,t48,-0.288376312,infeasible,250519_n1_lib.a1_LYS2_ARG4_011_t48.xls
YNG2,YHR090C,11,t48,-0.241697232,infeasible,250519_n1_lib.a1_LYS2_ARG4_011_t48.xls
ZUO1,YGR285C,11,t48,-0.008043375,infeasible,250519_n1_lib.a1_LYS2_ARG4_011_t48.xls
ADE2,YOR128C,12,t48,0.849370701,excellent,250519_n1_lib.a1_HIS4_MET5_012_t48.xls
"ADE5,7",YGL234W,12,t48,0.856051467,excellent,250519_n1_lib.a1_HIS4_MET5_012_t48.xls
ADE6,YGR061C,12,t48,0.818040546,excellent,250519_n1_lib.a1_HIS4_MET5_012_t48.xls
ADE8,YDR408C,12,t48,0.296964635,marginal,250519_n1_lib.a1_HIS4_MET5_012_t48.xls
ADO1,YJR105W,12,t48,-0.276271385,infeasible,250519_n1_lib.a1_HIS4_MET5_012_t48.xls
ANP1,YEL036C,12,t48,-0.686652773,infeasible,250519_n1_lib.a1_HIS4_MET5_012_t48.xls
APT1,YML022W,12,t48,-0.526710739,infeasible,250519_n1_lib.a1_HIS4_MET5_012_t48.xls
ARG1,YOL058W,12,t48,0.842066346,excellent,250519_n1_lib.a1_HIS4_MET5_012_t48.xls
ARG3,YJL088W,12,t48,0.834408765,excellent,250519_n1_lib.a1_HIS4_MET5_012_t48.xls
"ARG5,6",YER069W,12,t48,0.86039481,excellent,250519_n1_lib.a1_HIS4_MET5_012_t48.xls
ARG8,YOL140W,12,t48,0.735257894,excellent,250519_n1_lib.a1_HIS4_MET5_012_t48.xls
ARO1,YDR127W,12,t48,0.86037452,excellent,250519_n1_lib.a1_HIS4_MET5_012_t48.xls
ARO7,YPR060C,12,t48,0.824103084,excellent,250519_n1_lib.a1_HIS4_MET5_012_t48.xls
BAS1,YKR099W,12,t48,0.568396792,excellent,250519_n1_lib.a1_HIS4_MET5_012_t48.xls
CDC40,YDR364C,12,t48,-1.022381155,infeasible,250519_n1_lib.a1_HIS4_MET5_012_t48.xls
CHO2,YGR157W,12,t48,-1.413398926,infeasible,250519_n1_lib.a1_HIS4_MET5_012_t48.xls
CNM67,YNL225C,12,t48,-0.868369493,infeasible,250519_n1_lib.a1_HIS4_MET5_012_t48.xls
DOC1,YGL240W,12,t48,-0.613714687,infeasible,250519_n1_lib.a1_HIS4_MET5_012_t48.xls
ECM29,YHL030W,12,t48,0.67750045,excellent,250519_n1_lib.a1_HIS4_MET5_012_t48.xls
ERG4,YGL012W,12,t48,0.871170922,excellent,250519_n1_lib.a1_HIS4_MET5_012_t48.xls
FCY22,YER060W-A,12,t48,-0.135930808,infeasible,250519_n1_lib.a1_HIS4_MET5_012_t48.xls
FUN12,YAL035W,12,t48,0.41690692,marginal,250519_n1_lib.a1_HIS4_MET5_012_t48.xls
GGC1,YDL198C,12,t48,0.180961403,marginal,250519_n1_lib.a1_HIS4_MET5_012_t48.xls
HIS1,YER055C,12,t48,0.850902949,excellent,250519_n1_lib.a1_HIS4_MET5_012_t48.xls
HIS2,YFR025C,12,t48,0.84078155,excellent,250519_n1_lib.a1_HIS4_MET5_012_t48.xls
HIS4,ORF-ts1,12,t48,-0.368554747,infeasible,250519_n1_lib.a1_HIS4_MET5_012_t48.xls
HIS6,YIL020C,12,t48,0.00955178,marginal,250519_n1_lib.a1_HIS4_MET5_012_t48.xls
HMF1,YER057C,12,t48,-0.657194984,infeasible,250519_n1_lib.a1_HIS4_MET5_012_t48.xls
IBA57,YJR122W,12,t48,0.748966002,excellent,250519_n1_lib.a1_HIS4_MET5_012_t48.xls
ILV1,YER086W,12,t48,0.821873138,excellent,250519_n1_lib.a1_HIS4_MET5_012_t48.xls
IRC10,YOL015W,12,t48,0.871533506,excellent,250519_n1_lib.a1_HIS4_MET5_012_t48.xls
ISA1,YLL027W,12,t48,0.841854551,excellent,250519_n1_lib.a1_HIS4_MET5_012_t48.xls
LYS1,YIR034C,12,t48,0.820389995,excellent,250519_n1_lib.a1_HIS4_MET5_012_t48.xls
LYS4,YDR234W,12,t48,0.843627276,excellent,250519_n1_lib.a1_HIS4_MET5_012_t48.xls
LYS5,YGL154C,12,t48,-0.570329837,infeasible,250519_n1_lib.a1_HIS4_MET5_012_t48.xls
LYS9,YNR050C,12,t48,-0.298423696,infeasible,250519_n1_lib.a1_HIS4_MET5_012_t48.xls
MET1,YKR069W,12,t48,0.830209599,excellent,250519_n1_lib.a1_HIS4_MET5_012_t48.xls
MET10,YFR030W,12,t48,0.814023959,excellent,250519_n1_lib.a1_HIS4_MET5_012_t48.xls
MET13,YGL125W,12,t48,0.502302365,excellent,250519_n1_lib.a1_HIS4_MET5_012_t48.xls
MET14,YKL001C,12,t48,0.857354151,excellent,250519_n1_lib.a1_HIS4_MET5_012_t48.xls
MET18,YIL128W,12,t48,-2.301012205,infeasible,250519_n1_lib.a1_HIS4_MET5_012_t48.xls
MET28,YIR017C,12,t48,-2.581971349,infeasible,250519_n1_lib.a1_HIS4_MET5_012_t48.xls
MET3,YJR010W,12,t48,-0.310845407,infeasible,250519_n1_lib.a1_HIS4_MET5_012_t48.xls
MET5,ORF-ts2,12,t48,-0.498004678,infeasible,250519_n1_lib.a1_HIS4_MET5_012_t48.xls
MET7,YOR241W,12,t48,0.840472479,excellent,250519_n1_lib.a1_HIS4_MET5_012_t48.xls
MHF2,YDL160C-A,12,t48,0.850712629,excellent,250519_n1_lib.a1_HIS4_MET5_012_t48.xls
OPI3,YJR073C,12,t48,-0.832106429,infeasible,250519_n1_lib.a1_HIS4_MET5_012_t48.xls
"ORF , Dubious (2)",YDR008C,12,t48,0.368135573,marginal,250519_n1_lib.a1_HIS4_MET5_012_t48.xls
"ORF , Uncharacterized (1)",YBR209W,12,t48,0.718343115,excellent,250519_n1_lib.a1_HIS4_MET5_012_t48.xls
"ORF , Uncharacterized (2)",YHL005C,12,t48,0.85214874,excellent,250519_n1_lib.a1_HIS4_MET5_012_t48.xls
ORT1,YOR130C,12,t48,-0.568773885,infeasible,250519_n1_lib.a1_HIS4_MET5_012_t48.xls
PEX35,YGR168C,12,t48,0.19179899,marginal,250519_n1_lib.a1_HIS4_MET5_012_t48.xls
PHA2,YNL316C,12,t48,-0.166396585,infeasible,250519_n1_lib.a1_HIS4_MET5_012_t48.xls
POS5,YPL188W,12,t48,0.632155442,excellent,250519_n1_lib.a1_HIS4_MET5_012_t48.xls
PRP18,YGR006W,12,t48,-0.813357465,infeasible,250519_n1_lib.a1_HIS4_MET5_012_t48.xls
RPL31A,YDL075W,12,t48,-2.264172392,infeasible,250519_n1_lib.a1_HIS4_MET5_012_t48.xls
RPS24B,YIL069C,12,t48,0.844845741,excellent,250519_n1_lib.a1_HIS4_MET5_012_t48.xls
RSC2,YLR357W,12,t48,0.854789954,excellent,250519_n1_lib.a1_HIS4_MET5_012_t48.xls
SSQ1,YLR369W,12,t48,-1.244158312,infeasible,250519_n1_lib.a1_HIS4_MET5_012_t48.xls
SWI3,YJL176C,12,t48,0.064379997,marginal,250519_n1_lib.a1_HIS4_MET5_012_t48.xls
TRP2,YER090W,12,t48,0.41016826,marginal,250519_n1_lib.a1_HIS4_MET5_012_t48.xls
TRP3,YKL211C,12,t48,0.857310832,excellent,250519_n1_lib.a1_HIS4_MET5_012_t48.xls
TRP4,YDR354W,12,t48,0.839702179,excellent,250519_n1_lib.a1_HIS4_MET5_012_t48.xls
TRP5,YGL026C,12,t48,0.824562328,excellent,250519_n1_lib.a1_HIS4_MET5_012_t48.xls
URA1,YKL216W,12,t48,0.326600745,marginal,250519_n1_lib.a1_HIS4_MET5_012_t48.xls
URA4,YLR420W,12,t48,0.64832665,excellent,250519_n1_lib.a1_HIS4_MET5_012_t48.xls
VMA1,YDL185W,12,t48,-0.784708011,infeasible,250519_n1_lib.a1_HIS4_MET5_012_t48.xls
VMA16,YHR026W,12,t48,-2.206297272,infeasible,250519_n1_lib.a1_HIS4_MET5_012_t48.xls
VMA2,YBR127C,12,t48,-0.592410885,infeasible,250519_n1_lib.a1_HIS4_MET5_012_t48.xls
VMA5,YKL080W,12,t48,-0.369346871,infeasible,250519_n1_lib.a1_HIS4_MET5_012_t48.xls
VMA6,YLR447C,12,t48,-0.569410259,infeasible,250519_n1_lib.a1_HIS4_MET5_012_t48.xls
VMA7,YGR020C,12,t48,-0.508516343,infeasible,250519_n1_lib.a1_HIS4_MET5_012_t48.xls
VMA8,YEL051W,12,t48,-1.150747023,infeasible,250519_n1_lib.a1_HIS4_MET5_012_t48.xls
VMA9,YCL005W-A,12,t48,-2.081126729,infeasible,250519_n1_lib.a1_HIS4_MET5_012_t48.xls
VPH2,YKL119C,12,t48,-1.043322584,infeasible,250519_n1_lib.a1_HIS4_MET5_012_t48.xls
VPS65,YLR322W,12,t48,-0.184957295,infeasible,250519_n1_lib.a1_HIS4_MET5_012_t48.xls
YEA4,YEL004W,12,t48,-0.109882885,infeasible,250519_n1_lib.a1_HIS4_MET5_012_t48.xls
YNG2,YHR090C,12,t48,0.0512147,marginal,250519_n1_lib.a1_HIS4_MET5_012_t48.xls
ZUO1,YGR285C,12,t48,0.367856242,marginal,250519_n1_lib.a1_HIS4_MET5_012_t48.xls
ZWF1,YNL241C,12,t48,-0.276484291,infeasible,250519_n1_lib.a1_HIS4_MET5_012_t48.xls
ADE2,YOR128C,13,t48,0.831075423,excellent,280519_n1_lib.a1_LYS9_ARO7_013_t48.xls
"ADE5,7",YGL234W,13,t48,0.852498863,excellent,280519_n1_lib.a1_LYS9_ARO7_013_t48.xls
ADE6,YGR061C,13,t48,0.83903786,excellent,280519_n1_lib.a1_LYS9_ARO7_013_t48.xls
ADE8,YDR408C,13,t48,0.264437943,marginal,280519_n1_lib.a1_LYS9_ARO7_013_t48.xls
ADO1,YJR105W,13,t48,-0.338496013,infeasible,280519_n1_lib.a1_LYS9_ARO7_013_t48.xls
ANP1,YEL036C,13,t48,-0.079551495,infeasible,280519_n1_lib.a1_LYS9_ARO7_013_t48.xls
APT1,YML022W,13,t48,0.836638337,excellent,280519_n1_lib.a1_LYS9_ARO7_013_t48.xls
ARG1,YOL058W,13,t48,0.841617684,excellent,280519_n1_lib.a1_LYS9_ARO7_013_t48.xls
ARG3,YJL088W,13,t48,0.829490373,excellent,280519_n1_lib.a1_LYS9_ARO7_013_t48.xls
ARG4,YHR018C,13,t48,-0.069552752,infeasible,280519_n1_lib.a1_LYS9_ARO7_013_t48.xls
"ARG5,6",YER069W,13,t48,0.843190387,excellent,280519_n1_lib.a1_LYS9_ARO7_013_t48.xls
ARG8,YOL140W,13,t48,0.344135728,marginal,280519_n1_lib.a1_LYS9_ARO7_013_t48.xls
ARO1,YDR127W,13,t48,0.846710034,excellent,280519_n1_lib.a1_LYS9_ARO7_013_t48.xls
ARO7,ORF-ts2,13,t48,-0.462980425,infeasible,280519_n1_lib.a1_LYS9_ARO7_013_t48.xls
BAS1,YKR099W,13,t48,0.206586674,marginal,280519_n1_lib.a1_LYS9_ARO7_013_t48.xls
CCS1,YMR038C,13,t48,-1.699284064,infeasible,280519_n1_lib.a1_LYS9_ARO7_013_t48.xls
CDC40,YDR364C,13,t48,-1.546143563,infeasible,280519_n1_lib.a1_LYS9_ARO7_013_t48.xls
CHO2,YGR157W,13,t48,-0.894168192,infeasible,280519_n1_lib.a1_LYS9_ARO7_013_t48.xls
CNM67,YNL225C,13,t48,-0.267984684,infeasible,280519_n1_lib.a1_LYS9_ARO7_013_t48.xls
ECM29,YHL030W,13,t48,0.687288356,excellent,280519_n1_lib.a1_LYS9_ARO7_013_t48.xls
ERG4,YGL012W,13,t48,0.837618788,excellent,280519_n1_lib.a1_LYS9_ARO7_013_t48.xls
GGC1,YDL198C,13,t48,0.03421747,marginal,280519_n1_lib.a1_LYS9_ARO7_013_t48.xls
HIS1,YER055C,13,t48,0.835139133,excellent,280519_n1_lib.a1_LYS9_ARO7_013_t48.xls
HIS2,YFR025C,13,t48,0.778313518,excellent,280519_n1_lib.a1_LYS9_ARO7_013_t48.xls
HIS4,YCL030C,13,t48,0.813679345,excellent,280519_n1_lib.a1_LYS9_ARO7_013_t48.xls
HIS6,YIL020C,13,t48,0.805364056,excellent,280519_n1_lib.a1_LYS9_ARO7_013_t48.xls
HMF1,YER057C,13,t48,0.825637832,excellent,280519_n1_lib.a1_LYS9_ARO7_013_t48.xls
IBA57,YJR122W,13,t48,-0.651250464,infeasible,280519_n1_lib.a1_LYS9_ARO7_013_t48.xls
ILV1,YER086W,13,t48,0.653676273,excellent,280519_n1_lib.a1_LYS9_ARO7_013_t48.xls
IRC10,YOL015W,13,t48,0.829722727,excellent,280519_n1_lib.a1_LYS9_ARO7_013_t48.xls
ISA1,YLL027W,13,t48,0.860096421,excellent,280519_n1_lib.a1_LYS9_ARO7_013_t48.xls
LAG1,YHL003C,13,t48,-0.028166292,infeasible,280519_n1_lib.a1_LYS9_ARO7_013_t48.xls
LYS1,YIR034C,13,t48,0.806043591,excellent,280519_n1_lib.a1_LYS9_ARO7_013_t48.xls
LYS2,YBR115C,13,t48,0.613155625,excellent,280519_n1_lib.a1_LYS9_ARO7_013_t48.xls
LYS4,YDR234W,13,t48,0.817669032,excellent,280519_n1_lib.a1_LYS9_ARO7_013_t48.xls
LYS5,YGL154C,13,t48,0.842917217,excellent,280519_n1_lib.a1_LYS9_ARO7_013_t48.xls
LYS9,ORF-ts1,13,t48,-0.406253849,infeasible,280519_n1_lib.a1_LYS9_ARO7_013_t48.xls
MET1,YKR069W,13,t48,-0.034782037,infeasible,280519_n1_lib.a1_LYS9_ARO7_013_t48.xls
MET10,YFR030W,13,t48,0.133648958,marginal,280519_n1_lib.a1_LYS9_ARO7_013_t48.xls
MET14,YKL001C,13,t48,0.797832973,excellent,280519_n1_lib.a1_LYS9_ARO7_013_t48.xls
MET18,YIL128W,13,t48,-1.265284551,infeasible,280519_n1_lib.a1_LYS9_ARO7_013_t48.xls
MET28,YIR017C,13,t48,-16.47598903,infeasible,280519_n1_lib.a1_LYS9_ARO7_013_t48.xls
MHF2,YDL160C-A,13,t48,0.607348497,excellent,280519_n1_lib.a1_LYS9_ARO7_013_t48.xls
OPI3,YJR073C,13,t48,-0.595993262,infeasible,280519_n1_lib.a1_LYS9_ARO7_013_t48.xls
"ORF , Uncharacterized (1)",YBR209W,13,t48,0.753907243,excellent,280519_n1_lib.a1_LYS9_ARO7_013_t48.xls
"ORF , Uncharacterized (2)",YHL005C,13,t48,0.710056672,excellent,280519_n1_lib.a1_LYS9_ARO7_013_t48.xls
POS5,YPL188W,13,t48,0.155545015,marginal,280519_n1_lib.a1_LYS9_ARO7_013_t48.xls
PRO2,YOR323C,13,t48,-0.719023324,infeasible,280519_n1_lib.a1_LYS9_ARO7_013_t48.xls
RPL27A,YHR010W,13,t48,-4.914659155,infeasible,280519_n1_lib.a1_LYS9_ARO7_013_t48.xls
RPL31A,YDL075W,13,t48,-0.942373432,infeasible,280519_n1_lib.a1_LYS9_ARO7_013_t48.xls
RPS24B,YIL069C,13,t48,0.750879145,excellent,280519_n1_lib.a1_LYS9_ARO7_013_t48.xls
RSC2,YLR357W,13,t48,0.835106568,excellent,280519_n1_lib.a1_LYS9_ARO7_013_t48.xls
SWI3,YJL176C,13,t48,-0.017778828,infeasible,280519_n1_lib.a1_LYS9_ARO7_013_t48.xls
TRP3,YKL211C,13,t48,0.705627833,excellent,280519_n1_lib.a1_LYS9_ARO7_013_t48.xls
TRP4,YDR354W,13,t48,0.7629845,excellent,280519_n1_lib.a1_LYS9_ARO7_013_t48.xls
TRP5,YGL026C,13,t48,0.266872452,marginal,280519_n1_lib.a1_LYS9_ARO7_013_t48.xls
URA1,YKL216W,13,t48,0.412286993,marginal,280519_n1_lib.a1_LYS9_ARO7_013_t48.xls
URA4,YLR420W,13,t48,0.771592966,excellent,280519_n1_lib.a1_LYS9_ARO7_013_t48.xls
VMA1,YDL185W,13,t48,-0.576048784,infeasible,280519_n1_lib.a1_LYS9_ARO7_013_t48.xls
VMA16,YHR026W,13,t48,-0.355754236,infeasible,280519_n1_lib.a1_LYS9_ARO7_013_t48.xls
VMA2,YBR127C,13,t48,-0.223139237,infeasible,280519_n1_lib.a1_LYS9_ARO7_013_t48.xls
VMA5,YKL080W,13,t48,-0.403448621,infeasible,280519_n1_lib.a1_LYS9_ARO7_013_t48.xls
VMA6,YLR447C,13,t48,-0.354289743,infeasible,280519_n1_lib.a1_LYS9_ARO7_013_t48.xls
VMA7,YGR020C,13,t48,-0.649255844,infeasible,280519_n1_lib.a1_LYS9_ARO7_013_t48.xls
VMA8,YEL051W,13,t48,-1.673314724,infeasible,280519_n1_lib.a1_LYS9_ARO7_013_t48.xls
VMA9,YCL005W-A,13,t48,-0.701134135,infeasible,280519_n1_lib.a1_LYS9_ARO7_013_t48.xls
VPH2,YKL119C,13,t48,-0.789995882,infeasible,280519_n1_lib.a1_LYS9_ARO7_013_t48.xls
VPS65,YLR322W,13,t48,0.32757768,marginal,280519_n1_lib.a1_LYS9_ARO7_013_t48.xls
YEA4,YEL004W,13,t48,-0.680094669,infeasible,280519_n1_lib.a1_LYS9_ARO7_013_t48.xls
ZUO1,YGR285C,13,t48,-0.798114925,infeasible,280519_n1_lib.a1_LYS9_ARO7_013_t48.xls
ZWF1,YNL241C,13,t48,-0.510795727,infeasible,280519_n1_lib.a1_LYS9_ARO7_013_t48.xls
ADE1,YAR015W,14,t48,0.79727271,excellent,280519_n1_lib.a1_ARO2_ARG2_014_t48.xls
ADE2,YOR128C,14,t48,0.840296784,excellent,280519_n1_lib.a1_ARO2_ARG2_014_t48.xls
"ADE5,7",YGL234W,14,t48,0.865105071,excellent,280519_n1_lib.a1_ARO2_ARG2_014_t48.xls
ADE6,YGR061C,14,t48,0.858609315,excellent,280519_n1_lib.a1_ARO2_ARG2_014_t48.xls
ADE8,YDR408C,14,t48,0.841307149,excellent,280519_n1_lib.a1_ARO2_ARG2_014_t48.xls
ADO1,YJR105W,14,t48,-0.386112777,infeasible,280519_n1_lib.a1_ARO2_ARG2_014_t48.xls
ANP1,YEL036C,14,t48,-0.131836452,infeasible,280519_n1_lib.a1_ARO2_ARG2_014_t48.xls
APL2,YKL135C,14,t48,0.253818234,marginal,280519_n1_lib.a1_ARO2_ARG2_014_t48.xls
APT1,YML022W,14,t48,-0.510830681,infeasible,280519_n1_lib.a1_ARO2_ARG2_014_t48.xls
ARG1,YOL058W,14,t48,0.859842798,excellent,280519_n1_lib.a1_ARO2_ARG2_014_t48.xls
ARG2,ORF-ts2,14,t48,0.05389802,marginal,280519_n1_lib.a1_ARO2_ARG2_014_t48.xls
ARG3,YJL088W,14,t48,0.868348497,excellent,280519_n1_lib.a1_ARO2_ARG2_014_t48.xls
ARG4,YHR018C,14,t48,0.764165354,excellent,280519_n1_lib.a1_ARO2_ARG2_014_t48.xls
"ARG5,6",YER069W,14,t48,0.814947555,excellent,280519_n1_lib.a1_ARO2_ARG2_014_t48.xls
ARG8,YOL140W,14,t48,0.796231752,excellent,280519_n1_lib.a1_ARO2_ARG2_014_t48.xls
ARO1,YDR127W,14,t48,0.842062797,excellent,280519_n1_lib.a1_ARO2_ARG2_014_t48.xls
ARO2,ORF-ts1,14,t48,0.52698431,excellent,280519_n1_lib.a1_ARO2_ARG2_014_t48.xls
ARO7,YPR060C,14,t48,0.677861242,excellent,280519_n1_lib.a1_ARO2_ARG2_014_t48.xls
BAS1,YKR099W,14,t48,-0.103160317,infeasible,280519_n1_lib.a1_ARO2_ARG2_014_t48.xls
BUD16,YEL029C,14,t48,0.803930845,excellent,280519_n1_lib.a1_ARO2_ARG2_014_t48.xls
CCS1,YMR038C,14,t48,0.682371004,excellent,280519_n1_lib.a1_ARO2_ARG2_014_t48.xls
CDC40,YDR364C,14,t48,-0.554276898,infeasible,280519_n1_lib.a1_ARO2_ARG2_014_t48.xls
CHO2,YGR157W,14,t48,0.191900445,marginal,280519_n1_lib.a1_ARO2_ARG2_014_t48.xls
CNM67,YNL225C,14,t48,-0.579235897,infeasible,280519_n1_lib.a1_ARO2_ARG2_014_t48.xls
DOC1,YGL240W,14,t48,-0.361873063,infeasible,280519_n1_lib.a1_ARO2_ARG2_014_t48.xls
ECM29,YHL030W,14,t48,0.788046795,excellent,280519_n1_lib.a1_ARO2_ARG2_014_t48.xls
ERG4,YGL012W,14,t48,0.86783326,excellent,280519_n1_lib.a1_ARO2_ARG2_014_t48.xls
FCY22,YER060W-A,14,t48,0.764816603,excellent,280519_n1_lib.a1_ARO2_ARG2_014_t48.xls
FUN12,YAL035W,14,t48,0.435289539,marginal,280519_n1_lib.a1_ARO2_ARG2_014_t48.xls
GGC1,YDL198C,14,t48,0.160015898,marginal,280519_n1_lib.a1_ARO2_ARG2_014_t48.xls
HIS1,YER055C,14,t48,-0.020325485,infeasible,280519_n1_lib.a1_ARO2_ARG2_014_t48.xls
HIS2,YFR025C,14,t48,0.854017128,excellent,280519_n1_lib.a1_ARO2_ARG2_014_t48.xls
HIS4,YCL030C,14,t48,0.86167772,excellent,280519_n1_lib.a1_ARO2_ARG2_014_t48.xls
HIS6,YIL020C,14,t48,0.170658432,marginal,280519_n1_lib.a1_ARO2_ARG2_014_t48.xls
HMF1,YER057C,14,t48,0.869524066,excellent,280519_n1_lib.a1_ARO2_ARG2_014_t48.xls
IBA57,YJR122W,14,t48,0.804083436,excellent,280519_n1_lib.a1_ARO2_ARG2_014_t48.xls
ILV1,YER086W,14,t48,0.768772228,excellent,280519_n1_lib.a1_ARO2_ARG2_014_t48.xls
IRC10,YOL015W,14,t48,0.831628312,excellent,280519_n1_lib.a1_ARO2_ARG2_014_t48.xls
ISA1,YLL027W,14,t48,0.827887684,excellent,280519_n1_lib.a1_ARO2_ARG2_014_t48.xls
LAG1,YHL003C,14,t48,0.863861282,excellent,280519_n1_lib.a1_ARO2_ARG2_014_t48.xls
LYS1,YIR034C,14,t48,0.818072602,excellent,280519_n1_lib.a1_ARO2_ARG2_014_t48.xls
LYS12,YIL094C,14,t48,0.834152643,excellent,280519_n1_lib.a1_ARO2_ARG2_014_t48.xls
LYS2,YBR115C,14,t48,0.574795847,excellent,280519_n1_lib.a1_ARO2_ARG2_014_t48.xls
LYS4,YDR234W,14,t48,0.85473199,excellent,280519_n1_lib.a1_ARO2_ARG2_014_t48.xls
LYS5,YGL154C,14,t48,0.855570625,excellent,280519_n1_lib.a1_ARO2_ARG2_014_t48.xls
LYS9,YNR050C,14,t48,0.840907655,excellent,280519_n1_lib.a1_ARO2_ARG2_014_t48.xls
MET1,YKR069W,14,t48,0.778511316,excellent,280519_n1_lib.a1_ARO2_ARG2_014_t48.xls
MET10,YFR030W,14,t48,-0.598767071,infeasible,280519_n1_lib.a1_ARO2_ARG2_014_t48.xls
MET13,YGL125W,14,t48,0.86185077,excellent,280519_n1_lib.a1_ARO2_ARG2_014_t48.xls
MET14,YKL001C,14,t48,0.752031555,excellent,280519_n1_lib.a1_ARO2_ARG2_014_t48.xls
MET18,YIL128W,14,t48,-0.532264332,infeasible,280519_n1_lib.a1_ARO2_ARG2_014_t48.xls
MET28,YIR017C,14,t48,-4.475813107,infeasible,280519_n1_lib.a1_ARO2_ARG2_014_t48.xls
MET3,YJR010W,14,t48,0.852998943,excellent,280519_n1_lib.a1_ARO2_ARG2_014_t48.xls
MET5,YJR137C,14,t48,0.634657599,excellent,280519_n1_lib.a1_ARO2_ARG2_014_t48.xls
MET7,YOR241W,14,t48,0.849255801,excellent,280519_n1_lib.a1_ARO2_ARG2_014_t48.xls
MHF2,YDL160C-A,14,t48,0.816036859,excellent,280519_n1_lib.a1_ARO2_ARG2_014_t48.xls
OPI3,YJR073C,14,t48,-0.811022692,infeasible,280519_n1_lib.a1_ARO2_ARG2_014_t48.xls
"ORF , Dubious (2)",YDR008C,14,t48,0.844734764,excellent,280519_n1_lib.a1_ARO2_ARG2_014_t48.xls
"ORF , Uncharacterized (1)",YBR209W,14,t48,0.84727157,excellent,280519_n1_lib.a1_ARO2_ARG2_014_t48.xls
"ORF , Uncharacterized (2)",YHL005C,14,t48,0.846885504,excellent,280519_n1_lib.a1_ARO2_ARG2_014_t48.xls
ORT1,YOR130C,14,t48,0.821850265,excellent,280519_n1_lib.a1_ARO2_ARG2_014_t48.xls
PEX35,YGR168C,14,t48,0.848275941,excellent,280519_n1_lib.a1_ARO2_ARG2_014_t48.xls
PHA2,YNL316C,14,t48,0.579350141,excellent,280519_n1_lib.a1_ARO2_ARG2_014_t48.xls
PRO2,YOR323C,14,t48,0.681774841,excellent,280519_n1_lib.a1_ARO2_ARG2_014_t48.xls
RPL27A,YHR010W,14,t48,0.810273175,excellent,280519_n1_lib.a1_ARO2_ARG2_014_t48.xls
RPL31A,YDL075W,14,t48,-4.898749781,infeasible,280519_n1_lib.a1_ARO2_ARG2_014_t48.xls
RPS24B,YIL069C,14,t48,0.672340427,excellent,280519_n1_lib.a1_ARO2_ARG2_014_t48.xls
RSC2,YLR357W,14,t48,0.852252231,excellent,280519_n1_lib.a1_ARO2_ARG2_014_t48.xls
SSQ1,YLR369W,14,t48,-0.422443017,infeasible,280519_n1_lib.a1_ARO2_ARG2_014_t48.xls
SWI3,YJL176C,14,t48,0.307676888,marginal,280519_n1_lib.a1_ARO2_ARG2_014_t48.xls
TRP2,YER090W,14,t48,0.868751008,excellent,280519_n1_lib.a1_ARO2_ARG2_014_t48.xls
TRP3,YKL211C,14,t48,0.829287136,excellent,280519_n1_lib.a1_ARO2_ARG2_014_t48.xls
TRP4,YDR354W,14,t48,0.849991533,excellent,280519_n1_lib.a1_ARO2_ARG2_014_t48.xls
TRP5,YGL026C,14,t48,0.83921065,excellent,280519_n1_lib.a1_ARO2_ARG2_014_t48.xls
URA1,YKL216W,14,t48,0.72350433,excellent,280519_n1_lib.a1_ARO2_ARG2_014_t48.xls
URA4,YLR420W,14,t48,0.855914498,excellent,280519_n1_lib.a1_ARO2_ARG2_014_t48.xls
VMA1,YDL185W,14,t48,-0.44563587,infeasible,280519_n1_lib.a1_ARO2_ARG2_014_t48.xls
VMA16,YHR026W,14,t48,-0.229491263,infeasible,280519_n1_lib.a1_ARO2_ARG2_014_t48.xls
VMA2,YBR127C,14,t48,0.184285979,marginal,280519_n1_lib.a1_ARO2_ARG2_014_t48.xls
VMA5,YKL080W,14,t48,-0.326287738,infeasible,280519_n1_lib.a1_ARO2_ARG2_014_t48.xls
VMA6,YLR447C,14,t48,-0.562223817,infeasible,280519_n1_lib.a1_ARO2_ARG2_014_t48.xls
VMA7,YGR020C,14,t48,-0.237507631,infeasible,280519_n1_lib.a1_ARO2_ARG2_014_t48.xls
VMA8,YEL051W,14,t48,-1.25766476,infeasible,280519_n1_lib.a1_ARO2_ARG2_014_t48.xls
VMA9,YCL005W-A,14,t48,-0.398890556,infeasible,280519_n1_lib.a1_ARO2_ARG2_014_t48.xls
VPH2,YKL119C,14,t48,-0.321782679,infeasible,280519_n1_lib.a1_ARO2_ARG2_014_t48.xls
VPS65,YLR322W,14,t48,0.152925631,marginal,280519_n1_lib.a1_ARO2_ARG2_014_t48.xls
YEA4,YEL004W,14,t48,0.823306472,excellent,280519_n1_lib.a1_ARO2_ARG2_014_t48.xls
YNG2,YHR090C,14,t48,-0.071730076,infeasible,280519_n1_lib.a1_ARO2_ARG2_014_t48.xls
ZUO1,YGR285C,14,t48,0.271776865,marginal,280519_n1_lib.a1_ARO2_ARG2_014_t48.xls