Coculture,AA_or_Nucl_biosynth_manual_anno,Number_direct,Number_direct_or_indirect
MET10-HIS2,direct,2,2
ADE1-YEA4,direct,1,2
ADE1-MET13,direct,2,2
URA1-MET13,direct,2,2
TRP4-TRP2,direct,2,2
ADE1-ARO2,direct,2,2
LYS12-ARO2,direct,2,2
RPL27A-ARO2,direct,1,1
URA1-ARO2,direct,2,2
ADE1-ARG2,direct,2,2
IRC10-ARG2,direct,1,1
MET1-ARG2,direct,2,2
MET14-ARG2,direct,2,2
MET3-ARG2,direct,2,2
MET5-ARG2,direct,2,2
ADE1-HIS1,direct,2,2
MET5-HIS1,direct,2,2
RPL27A-HIS1,direct,1,1
ADE1-IBA57,direct,1,2
RPL27A-IBA57,indirect,0,1
ARG1-RPS24B,direct,1,1
ECM29-RPS24B,none,0,0
LYS12-RPS24B,direct,1,1
MET13-RPS24B,direct,1,1
MHF2-RPS24B,none,0,0
ADE1-ILV1,direct,2,2
ARG2-MET14,direct,2,2
ARG3-MET14,direct,2,2
ARO7-MET14,direct,2,2
HIS2-MET14,direct,2,2
IRC10-MET14,direct,1,1
LYS4-MET14,direct,2,2
HIS4-ARG8,direct,2,2
ADE1-VPH2,direct,1,1
"ADE5,7-VPH2",direct,1,1
TRP4-ADE6,direct,2,2
HIS2-MET3,direct,2,2
TRP4-MET3,direct,2,2
HIS2-MET1,direct,2,2
TRP4-MET1,direct,2,2
ARO2-HIS6,direct,2,2
LYS12-HIS6,direct,2,2
MHF2-HIS6,direct,1,1
ARO1-TRP4,direct,2,2
HIS4-TRP4,direct,2,2
IRC10-TRP4,direct,1,1
MET14-TRP4,direct,2,2
ORT1-TRP4,direct,2,2
RSC2-TRP4,direct,1,1